player_id,name,country,pos,price,p_start,md1,md2,md3,total,pct_selected
1158,Rubén Vargas,SUI,MID,6.8,0.93,6.57,3.81,5.33,15.71,0.5
1149,Breel Embolo,SUI,FWD,7.5,0.93,6.58,3.6,5.27,15.46,2.7
855,Erling Haaland,NOR,FWD,10.5,0.93,5.65,5.64,4.1,15.39,33
138,Kevin De Bruyne,BEL,MID,7.5,0.93,4.41,5.61,5.35,15.37,5.5
38,Lionel Messi,ARG,FWD,10,0.93,5.58,4.15,5.62,15.35,17.4
382,Patrik Schick,CZE,FWD,7.3,0.93,5.07,4.74,5.33,15.14,0.8
1140,Fabian Rieder,SUI,MID,6.2,0.93,6.11,3.84,5.08,15.04,0
256,Luis Díaz,COL,MID,8.1,0.93,5.27,5.19,4.57,15.03,18.4
125,Jérémy Doku,BEL,MID,7.5,0.93,4.37,5.42,5.18,14.96,13.3
939,Bruno Fernandes,POR,MID,8.5,0.93,5.07,5.14,4.63,14.84,51.1
1092,Lamine Yamal,ESP,MID,10,0.93,5.66,5.24,3.94,14.83,41.3
1105,Dani Olmo,ESP,MID,7.7,0.9,5.5,5.1,3.86,14.45,3
1573,Cristiano Ronaldo,POR,FWD,10,0.93,4.91,4.94,4.55,14.4,11.4
500,Kylian Mbappé,FRA,FWD,10.5,0.93,5.14,5.14,4.11,14.39,49.3
468,Harry Kane,ENG,FWD,10.5,0.93,4.52,5.39,4.45,14.37,37.2
912,Julio Enciso,PAR,MID,6.6,0.93,5.0,4.32,4.71,14.03,0.2
397,Pavel Sulc,CZE,MID,5.9,0.93,4.59,4.36,4.73,13.68,0.2
1683,Fredrik Aursnes,NOR,MID,6.5,0.93,4.92,4.78,3.87,13.57,0.2
109,Patrick Wimmer,AUT,MID,6,0.93,4.93,3.7,4.85,13.48,0.1
1684,Martin Ødegaard,NOR,MID,7.7,0.93,4.87,4.73,3.77,13.37,4.8
1144,Silvan Widmer,SUI,DEF,4.2,0.93,5.32,3.62,4.42,13.35,1.7
863,Antonio Nusa,NOR,MID,6.1,0.9,4.88,4.74,3.67,13.3,3.5
1085,Pedro Porro,ESP,DEF,5.5,0.93,4.61,4.86,3.82,13.3,6.8
108,Romano Schmid,AUT,MID,6,0.93,4.78,3.66,4.71,13.15,0.1
348,Martin Baturina,CRO,MID,6.5,0.93,3.74,4.34,5.05,13.13,0.2
103,Konrad Laimer,AUT,MID,5.8,0.9,4.77,3.62,4.69,13.08,0.4
2000,Nico Williams,ESP,MID,7.8,0.93,4.9,4.58,3.52,13.01,3.6
1094,Mikel Oyarzabal,ESP,FWD,8.1,0.93,4.98,4.53,3.45,12.96,19.6
1215,Arda Güler,TUR,MID,7,0.93,4.54,3.55,4.83,12.92,9.4
1003,John McGinn,SCO,MID,6,0.93,4.69,4.23,3.93,12.85,2
1526,Leandro Trossard,BEL,MID,6.6,0.93,3.78,4.62,4.4,12.8,2.4
864,Kristian Thorstvedt,NOR,MID,6.2,0.93,4.65,4.51,3.54,12.7,0
242,Mathieu Choinière,CAN,MID,5.3,0.93,3.67,5.59,3.39,12.65,0
469,Bukayo Saka,ENG,MID,9.5,0.93,3.95,4.58,4.02,12.55,5.2
1141,Manuel Akanji,SUI,DEF,5,0.93,4.9,3.48,4.12,12.51,4.9
1597,Mohamed Salah,EGY,MID,10,0.93,3.6,4.34,4.55,12.49,4.7
1205,Kerem Aktürkoglu,TUR,FWD,6.2,0.93,4.41,3.28,4.79,12.48,0.3
1361,Bruno Guimarães,BRA,MID,6.8,0.9,4.02,4.31,4.14,12.47,2
137,Youri Tielemans,BEL,MID,6.1,0.9,3.76,4.44,4.25,12.44,1.2
856,Alexander Sørloth,NOR,FWD,6.8,0.75,4.5,4.5,3.33,12.33,1.4
1098,David Raya,ESP,GK,5,0.9,4.07,4.35,3.85,12.27,14.5
1088,Marc Cucurella,ESP,DEF,5.1,0.93,4.16,4.48,3.63,12.27,25.1
1102,Marcos Llorente,ESP,DEF,5.5,0.93,4.14,4.46,3.61,12.2,4.9
501,Ousmane Dembélé,FRA,MID,10,0.93,4.26,4.39,3.38,12.03,17.2
96,Michael Gregoritsch,AUT,FWD,6,0.75,4.49,3.07,4.45,12.01,0.2
1086,Aymeric Laporte,ESP,DEF,5.5,0.93,4.02,4.37,3.57,11.96,4.9
491,Jude Bellingham,ENG,MID,8.3,0.93,3.72,4.39,3.78,11.89,9
795,Denzel Dumfries,NED,DEF,5.7,0.93,3.84,4.16,3.87,11.87,15.4
736,Lee Kang-In,KOR,MID,6.1,0.93,3.73,4.14,3.92,11.79,0.5
53,Valentín Barco,ARG,MID,6.2,0.9,4.15,3.41,4.21,11.77,0.2
796,Virgil van Dijk,NED,DEF,5.5,0.93,3.8,4.09,3.85,11.74,20
57,Enzo Fernández,ARG,MID,7.5,0.93,4.16,3.33,4.23,11.73,3.3
1106,Pedri,ESP,MID,8.1,0.93,4.26,4.07,3.34,11.67,10.1
1600,Jamal Musiala,GER,MID,8,0.93,3.99,3.98,3.63,11.6,12.6
1093,Ferran Torres,ESP,FWD,7.8,0.75,4.44,4.05,3.11,11.59,3.9
117,Thomas Meunier,BEL,DEF,4.8,0.93,3.9,4.23,3.45,11.58,0.8
457,Nico O'Reilly,ENG,DEF,4.7,0.93,3.29,4.34,3.93,11.57,12
30,Nahuel Molina,ARG,DEF,4.4,0.93,4.13,2.91,4.45,11.5,3.5
1223,Maxi Araújo,URU,MID,6.4,0.93,4.12,4.28,3.1,11.5,0.3
1366,Raphinha,BRA,MID,8.2,0.93,3.64,4.03,3.81,11.47,22.1
423,Hernán Galíndez,ECU,GK,4.2,0.9,4.18,3.75,3.52,11.44,4.9
1574,Rafael Leão,POR,MID,7.8,0.93,3.92,3.99,3.51,11.43,1.9
1226,Ronald Araujo,URU,DEF,5,0.93,4.73,4.41,2.27,11.42,3
1236,Darwin Núñez,URU,FWD,7.5,0.93,4.02,4.34,3.04,11.4,1.6
516,Rayan Cherki,FRA,MID,8,0.93,3.97,4.1,3.32,11.4,7.4
2040,Frenkie de Jong,NED,MID,7,0.93,3.68,4.31,3.4,11.39,1.7
173,Vinícius Júnior,BRA,MID,10,0.93,3.61,3.98,3.77,11.35,12.8
913,Diego Gómez,PAR,MID,6.8,0.93,3.94,3.57,3.82,11.33,0.2
543,Florian Wirtz,GER,MID,7.5,0.93,3.84,3.87,3.62,11.33,23
400,Pervis Estupiñán,ECU,DEF,4.8,0.93,4.25,3.68,3.35,11.28,2.7
1153,Gregor Kobel,SUI,GK,4.7,0.9,4.01,3.55,3.7,11.26,6.3
1142,Ricardo Rodríguez,SUI,DEF,4.5,0.93,4.27,3.29,3.68,11.24,1.7
146,Ermedin Demirovic,BIH,FWD,6.2,0.93,3.91,2.47,4.83,11.21,0.1
1431,Bradley Barcola,FRA,MID,8,0.9,3.91,4.04,3.23,11.18,1.3
463,Ezri Konsa,ENG,DEF,4.8,0.93,3.18,4.17,3.82,11.17,1.1
28,Cristian Romero,ARG,DEF,4.9,0.93,4.0,2.83,4.32,11.15,4.9
848,Marcus Pedersen,NOR,DEF,4.1,0.93,4.56,3.73,2.82,11.11,0.1
114,Maxim De Cuyper,BEL,DEF,4.7,0.93,3.79,4.05,3.27,11.11,3.7
461,Marc Guéhi,ENG,DEF,5.1,0.93,3.15,4.14,3.79,11.08,7.8
1338,Lautaro Martínez,ARG,FWD,8.8,0.75,4.02,3.02,4.04,11.08,4
1274,Christian Pulisic,USA,MID,7,0.93,3.31,4.03,3.73,11.07,5
2050,Cristian Volpato,AUS,MID,6,0.93,3.64,4.11,3.3,11.06,0.1
804,Cody Gakpo,NED,FWD,7.7,0.93,3.56,4.31,3.18,11.05,3.8
1135,Granit Xhaka,SUI,MID,6.2,0.93,4.24,3.07,3.7,11.0,4.7
1696,Sadio Mané,SEN,MID,7.6,0.93,3.32,3.36,4.29,10.97,1.9
158,Ivan Sunjic,BIH,MID,5.1,0.93,3.77,2.84,4.37,10.97,0
161,Benjamin Tahirovic,BIH,MID,5.3,0.93,3.77,2.84,4.37,10.97,0.1
141,Tarik Muharemovic,BIH,DEF,3.9,0.93,3.83,2.37,4.76,10.96,0.3
477,Jordan Pickford,ENG,GK,4.8,0.9,3.31,3.89,3.76,10.96,14.9
672,Ayase Ueda,JPN,FWD,7,0.93,3.39,3.28,4.28,10.95,0.7
1267,Folarin Balogun,USA,FWD,6,0.93,3.13,4.01,3.79,10.94,0.9
345,Nikola Vlasic,CRO,MID,6.1,0.9,3.16,3.62,4.15,10.93,0
1041,Nicolas Jackson,SEN,FWD,6.7,0.93,3.32,3.45,4.15,10.92,0.4
916,Nuno Mendes,POR,DEF,5.8,0.93,3.98,4.28,2.63,10.89,43
1244,Sergio Rochet,URU,GK,4.1,0.9,4.18,3.86,2.84,10.87,4.3
2053,Willian Pacho,ECU,DEF,4.4,0.93,4.11,3.52,3.19,10.83,5.6
1549,Hwang In-Beom,KOR,MID,5.8,0.9,3.42,3.78,3.6,10.81,0
86,Philipp Lienhart,AUT,DEF,4.3,0.93,4.21,2.7,3.88,10.8,0.2
1157,Denis Zakaria,SUI,MID,6.1,0.9,4.15,3.0,3.62,10.77,0.1
1143,Nico Elvedi,SUI,DEF,4.3,0.93,4.07,3.17,3.52,10.77,3.3
908,Roberto Fernández,PAR,GK,4,0.9,3.68,3.24,3.84,10.76,0.3
471,Marcus Rashford,ENG,MID,7.5,0.9,3.34,4.02,3.4,10.76,2.1
403,Ángelo Preciado,ECU,DEF,4.3,0.93,4.08,3.5,3.17,10.75,0.1
2052,Piero Hincapié,ECU,DEF,4.7,0.93,4.08,3.5,3.17,10.75,4.1
1292,Abbosbek Fayzullaev,UZB,MID,6.2,0.93,3.49,3.45,3.8,10.74,0
816,Tijjani Reijnders,NED,MID,6.5,0.93,3.48,4.0,3.25,10.73,1.6
1598,Manuel Neuer,GER,GK,5,0.9,3.21,3.74,3.78,10.73,12.4
937,João Neves,POR,MID,6.5,0.9,3.65,3.71,3.36,10.72,4.3
159,Armin Gigovic,BIH,MID,5.1,0.9,3.67,2.77,4.25,10.68,0
1248,Federico Valverde,URU,MID,7.5,0.93,3.85,4.02,2.78,10.65,5.8
55,Thiago Almada,ARG,MID,6.5,0.93,3.76,3.04,3.83,10.64,0.3
1709,Reece James,ENG,DEF,5.2,0.93,3.02,3.94,3.66,10.61,4.4
45,Emiliano Martínez,ARG,GK,5,0.9,3.62,3.13,3.84,10.59,21.8
332,Ante Budimir,CRO,FWD,6.8,0.93,2.97,3.46,4.15,10.58,0.2
1522,Thibaut Courtois,BEL,GK,4.9,0.9,3.72,3.65,3.18,10.55,12.9
368,Eloy Room,CUW,GK,3.9,0.9,2.98,3.8,3.77,10.54,0.1
226,Jonathan David,CAN,FWD,7,0.93,2.96,4.81,2.72,10.49,1.2
849,Leo Østigård,NOR,DEF,4.1,0.93,4.33,3.49,2.67,10.49,0.2
529,Leroy Sané,GER,MID,7.4,0.93,3.56,3.59,3.33,10.48,1.8
56,Alexis Mac Allister,ARG,MID,6.6,0.93,3.66,3.09,3.72,10.47,3.3
506,Mike Maignan,FRA,GK,5,0.9,3.59,4.13,2.73,10.45,9.3
859,Ørjan Nyland,NOR,GK,4.2,0.9,3.98,3.41,3.06,10.45,2.5
1572,Bernardo Silva,POR,MID,7.8,0.93,3.55,3.61,3.27,10.44,2.4
393,Tomás Soucek,CZE,MID,5.6,0.93,3.48,3.36,3.55,10.4,0.5
809,Bart Verbruggen,NED,GK,4.7,0.9,3.43,3.35,3.61,10.39,3.3
542,Joshua Kimmich,GER,DEF,5.5,0.93,2.96,3.73,3.66,10.34,32.9
317,Yahia Fofana,CIV,GK,4.2,0.9,3.89,3.09,3.34,10.32,0.3
1710,Eberechi Eze,ENG,MID,8,0.93,3.24,3.76,3.31,10.3,1.3
116,Arthur Theate,BEL,DEF,4.5,0.93,3.57,3.74,2.98,10.29,0.3
31,Nicolás Otamendi,ARG,DEF,4.4,0.93,3.66,2.64,3.97,10.27,2.3
1055,Lamine Camara,SEN,MID,6.2,0.93,3.21,3.2,3.85,10.26,0
1089,Pau Cubarsí,ESP,DEF,5,0.75,3.48,3.74,3.04,10.26,5.6
283,Cédric Bakambu,COD,FWD,6.5,0.93,3.32,3.35,3.57,10.25,0.1
98,Alexander Schlager,AUT,GK,4.6,0.9,3.73,3.01,3.51,10.25,0.4
115,Timothy Castagne,BEL,DEF,4.7,0.93,3.57,3.71,2.95,10.23,0.4
248,Daniel Muñoz,COL,DEF,4.6,0.93,4.13,3.83,2.24,10.2,8.1
737,Lee Jae-Sung,KOR,MID,6.2,0.93,3.2,3.57,3.38,10.15,0.1
682,Daichi Kamada,JPN,MID,5.8,0.93,3.19,3.31,3.64,10.13,0.3
526,Nico Schlotterbeck,GER,DEF,5.3,0.93,2.89,3.66,3.59,10.13,4
893,Gustavo Gómez,PAR,DEF,4.6,0.93,3.56,2.8,3.75,10.11,0.3
894,Júnior Alonso,PAR,DEF,4.1,0.93,3.56,2.8,3.75,10.11,0.1
895,Omar Alderete,PAR,DEF,4.1,0.93,3.56,2.8,3.75,10.11,0.4
896,Fabián Balbuena,PAR,DEF,4,0.93,3.56,2.8,3.75,10.11,0.3
1988,Ernest Nuamah,GHA,MID,5,0.93,3.54,3.08,3.48,10.1,0.7
1306,Eldor Shomurodov,UZB,FWD,6.5,0.93,3.31,3.28,3.5,10.09,0.1
2063,Joaquín Piquerez,URU,DEF,4.5,0.93,4.23,3.84,2.01,10.08,0.1
87,Alexander Prass,AUT,DEF,4.3,0.75,3.93,2.49,3.66,10.07,0
153,Nikola Vasilj,BIH,GK,4,0.9,3.41,2.9,3.76,10.07,0.7
2021,Azzedine Ounahi,MAR,MID,6.2,0.93,3.08,3.4,3.57,10.05,0.1
1569,Diogo Costa,POR,GK,4.9,0.9,3.53,3.73,2.79,10.05,10
262,Camilo Vargas,COL,GK,4.3,0.9,3.77,3.57,2.7,10.04,3.6
797,Micky van de Ven,NED,DEF,5.1,0.93,3.27,3.34,3.44,10.04,4.8
107,Marcel Sabitzer,AUT,MID,6.8,0.93,3.6,2.9,3.54,10.04,3.5
798,Nathan Aké,NED,DEF,5,0.93,3.27,3.31,3.45,10.04,2.5
671,Keito Nakamura,JPN,MID,5.5,0.9,3.09,3.18,3.77,10.03,0.3
321,Ibrahim Sangaré,CIV,MID,5.8,0.93,3.34,3.32,3.37,10.03,0.1
1166,Ali Abdi,TUN,DEF,4.1,0.93,3.8,3.65,2.58,10.03,0.1
1374,Yerry Mina,COL,DEF,4.2,0.93,4.07,3.77,2.19,10.02,0.3
520,Antonio Rüdiger,GER,DEF,5.5,0.93,2.81,3.6,3.59,10.01,10.2
523,Jonathan Tah,GER,DEF,5.3,0.93,2.83,3.61,3.56,10.01,4.2
823,Marko Stamenic,NZL,MID,5.6,0.93,3.82,3.17,3.02,10.0,0
346,Luka Modric,CRO,MID,6.2,0.93,2.97,3.32,3.69,9.98,2.6
817,Quinten Timber,NED,MID,6.8,0.93,3.25,3.61,3.1,9.95,0.4
396,Lukás Provod,CZE,MID,5.9,0.93,3.33,3.24,3.38,9.94,0
139,Sead Kolasinac,BIH,DEF,4.3,0.93,3.45,2.22,4.23,9.9,0.2
140,Amar Dedic,BIH,DEF,4.3,0.93,3.45,2.22,4.23,9.9,0.4
142,Nikola Katic,BIH,DEF,3.8,0.93,3.45,2.22,4.23,9.9,0.2
1114,Yasin Ayari,SWE,MID,5.3,0.9,3.25,3.19,3.45,9.89,0.2
1184,Abdelmouhib Chamakh,TUN,GK,4.1,0.9,3.44,3.52,2.92,9.88,0.1
333,Andrej Kramaric,CRO,FWD,6.2,0.75,2.72,3.22,3.93,9.87,0.2
183,Alisson Becker,BRA,GK,5,0.9,3.49,3.2,3.17,9.86,5.1
162,Amir Hadziahmetovic,BIH,MID,5.5,0.93,3.34,2.83,3.69,9.86,0.1
85,David Alaba,AUT,DEF,4.6,0.93,3.84,2.5,3.51,9.85,2.2
90,Stefan Posch,AUT,DEF,4.3,0.93,3.84,2.5,3.51,9.85,0.3
1227,José María Giménez,URU,DEF,4.4,0.93,4.13,3.72,1.98,9.83,1.5
1117,Mattias Svanberg,SWE,MID,6.1,0.93,3.19,3.15,3.46,9.79,0
846,Kristoffer Ajer,NOR,DEF,4.3,0.93,4.05,3.21,2.52,9.78,0.8
451,Mohamed El Shenawy,EGY,GK,3.6,0.9,2.9,3.2,3.67,9.77,0.4
1555,Hannibal Mejbri,TUN,MID,4.8,0.9,3.51,3.23,3.0,9.75,0.2
1229,Mathías Olivera,URU,DEF,4.3,0.93,4.1,3.67,1.98,9.75,1.4
1211,Ugurcan Çakir,TUR,GK,4.2,0.9,3.32,3.28,3.13,9.73,1.4
763,Álvaro Fidalgo,MEX,MID,6.4,0.93,3.26,3.38,3.08,9.72,0.3
83,Ajdin Hrustic,AUS,MID,5.7,0.93,3.19,3.51,3.03,9.72,0
269,Jhon Arias,COL,MID,6.3,0.93,3.38,3.33,3.0,9.71,0.4
270,James Rodríguez,COL,MID,6.5,0.93,3.38,3.33,3.0,9.71,4.9
1216,Hakan Çalhanoglu,TUR,MID,7.1,0.93,3.35,2.91,3.45,9.71,2.2
124,Romelu Lukaku,BEL,FWD,7.4,0.93,2.7,3.56,3.45,9.71,2.1
822,Ryan Thomas,NZL,MID,5.3,0.93,3.57,3.15,2.99,9.71,0
387,Matej Kovár,CZE,GK,4.1,0.9,3.26,3.33,3.12,9.7,0.4
2042,Justin Kluivert,NED,MID,6.5,0.9,3.16,3.51,3.02,9.69,0.2
1603,Jamie Leweling,GER,MID,6.4,0.9,3.3,3.32,3.06,9.68,0.1
1318,Lisandro Martínez,ARG,DEF,4.6,0.93,3.41,2.54,3.72,9.68,2.8
395,Michal Sadílek,CZE,MID,5.6,0.9,3.24,3.15,3.29,9.68,0
352,Leandro Bacuna,CUW,DEF,4,0.93,2.44,3.59,3.63,9.66,0.3
353,Riechedly Bazoer,CUW,DEF,3.8,0.93,2.44,3.59,3.63,9.66,0
354,Joshua Brenet,CUW,DEF,3.7,0.93,2.44,3.59,3.63,9.66,0
360,Livano Comenencia,CUW,DEF,4.5,0.93,2.44,3.59,3.63,9.66,0
847,Julian Ryerson,NOR,DEF,4.2,0.93,4.0,3.16,2.48,9.63,7.7
1429,William Saliba,FRA,DEF,5.3,0.93,3.45,4.23,1.94,9.62,15.2
338,Dominik Livakovic,CRO,GK,4.5,0.9,2.8,3.32,3.48,9.61,1.5
1255,Weston McKennie,USA,MID,6.1,0.93,2.96,3.44,3.2,9.61,0.5
1958,Mohammed Abu Al Shamat,KSA,MID,5.5,0.93,3.13,2.93,3.54,9.6,0
300,Wilfried Singo,CIV,DEF,4.4,0.93,3.78,2.71,3.11,9.59,0.2
1494,Sarpreet Singh,NZL,MID,5.3,0.93,3.58,3.08,2.92,9.57,0
1430,Jules Koundé,FRA,DEF,5.4,0.93,3.44,4.22,1.91,9.57,7.2
494,Dayot Upamecano,FRA,DEF,5.3,0.93,3.44,4.22,1.91,9.57,4.6
88,Kevin Danso,AUT,DEF,4.3,0.93,3.72,2.44,3.4,9.56,0.5
95,Marko Arnautovic,AUT,FWD,6,0.93,3.51,2.54,3.49,9.55,0.6
1204,Kenan Yildiz,TUR,MID,7,0.93,3.28,2.87,3.37,9.52,3.6
1711,Ollie Watkins,ENG,FWD,7.9,0.75,3.01,3.54,2.97,9.51,1.3
573,Danley Jean Jacques,HAI,MID,4.7,0.93,3.29,3.0,3.2,9.49,0
1206,Baris Alper Yilmaz,TUR,FWD,6.1,0.75,3.33,2.53,3.6,9.46,0.6
271,Jorge Carrascal,COL,MID,6.1,0.9,3.3,3.24,2.92,9.46,0.1
9,Mohammed Amoura,ALG,FWD,6.2,0.93,2.82,3.73,2.89,9.44,0.1
147,Edin Dzeko,BIH,FWD,6.1,0.75,3.29,2.09,4.05,9.43,1
302,Odilon Kossounou,CIV,DEF,4.3,0.93,3.75,2.64,3.04,9.43,0
1027,Scott McTominay,SCO,MID,6.5,0.93,3.29,3.13,2.97,9.39,10.9
1536,Josko Gvardiol,CRO,DEF,5,0.93,2.24,3.31,3.85,9.39,5
2020,Brahim Díaz,MAR,MID,6.4,0.93,2.92,3.17,3.29,9.38,2
1151,Dan Ndoye,SUI,FWD,6.8,0.75,3.91,2.27,3.19,9.37,0.8
1009,Andy Robertson,SCO,DEF,5,0.93,3.17,3.42,2.75,9.34,5
821,Joe Bell,NZL,MID,5.1,0.9,3.48,3.0,2.85,9.32,0
1493,Chris Wood,NZL,FWD,6.5,0.93,3.71,2.79,2.82,9.31,0.6
496,Lucas Hernández,FRA,DEF,5.2,0.93,3.34,4.12,1.86,9.31,2.5
1473,César Huerta,MEX,MID,6.3,0.93,3.12,3.2,2.95,9.27,0.1
1477,Luis Chávez,MEX,MID,6.3,0.93,3.12,3.2,2.95,9.27,0.2
1192,Orkun Kökçü,TUR,MID,6,0.9,3.19,2.8,3.28,9.27,0.3
1071,Lyle Foster,RSA,FWD,5.4,0.93,3.24,2.89,3.13,9.26,0.1
1164,Anis Ben Slimane,TUN,MID,5.3,0.93,3.4,3.06,2.8,9.26,0
1955,Salem Al Dawsari,KSA,MID,7.2,0.93,2.96,2.72,3.58,9.26,0.2
1060,Thalente Mbatha,RSA,MID,4.9,0.93,3.19,2.92,3.15,9.26,0
1707,Iqraam Rayners,RSA,MID,5.3,0.93,3.19,2.92,3.15,9.26,0
884,Luis Mejía,PAN,GK,4,0.9,3.53,2.87,2.85,9.24,0.2
528,Kai Havertz,GER,FWD,7.8,0.93,3.28,3.15,2.8,9.23,14.5
445,Omar Marmoush,EGY,FWD,7.8,0.93,2.74,3.21,3.28,9.23,1.9
1007,Ryan Christie,SCO,MID,5.6,0.93,3.22,3.08,2.92,9.22,0.1
735,Bae Jun-Ho,KOR,MID,5.9,0.93,2.93,3.19,3.09,9.2,0
502,Marcus Thuram,FRA,FWD,7.5,0.75,3.25,3.25,2.7,9.2,0.6
572,Carl Sainté,HAI,MID,4.7,0.93,3.15,2.94,3.1,9.19,0
918,Diogo Dalot,POR,DEF,5,0.93,3.39,3.68,2.12,9.18,2.5
165,Marquinhos,BRA,DEF,5.2,0.93,3.32,2.97,2.88,9.18,7.3
1247,Giorgian de Arrascaeta,URU,MID,6.5,0.93,3.26,3.3,2.6,9.17,0.2
1163,Mortadha Ben Ouanes,TUN,MID,5,0.93,3.35,3.02,2.77,9.15,0.7
1194,Zeki Çelik,TUR,DEF,4.3,0.93,3.22,2.92,2.98,9.13,0.1
351,Godfried Roemeratoe,CUW,MID,4.7,0.93,3.03,2.95,3.13,9.1,0
371,Kevin Felida,CUW,MID,4.5,0.93,3.03,2.95,3.13,9.1,0
372,Juninho Bacuna,CUW,MID,5.1,0.93,3.03,2.95,3.13,9.1,0
1458,Takefusa Kubo,JPN,MID,7,0.93,2.8,2.91,3.38,9.08,1
677,Zion Suzuki,JPN,GK,4.3,0.9,2.57,3.38,3.12,9.07,1.8
1396,Cucho Hernández,COL,FWD,6.3,0.93,3.12,3.1,2.85,9.07,0.3
2010,Yassine Bounou,MAR,GK,4.7,0.9,3.02,3.0,3.03,9.05,3.2
982,Aiman Yahya,KSA,MID,5.6,0.93,2.95,2.76,3.33,9.04,0
762,Orbelín Pineda,MEX,MID,6.2,0.9,3.03,3.12,2.88,9.03,0.1
249,Jhon Lucumí,COL,DEF,4.3,0.93,3.71,3.42,1.89,9.02,0.2
917,João Cancelo,POR,DEF,5.3,0.93,3.33,3.62,2.07,9.02,7.8
1061,Tshepang Moremi,RSA,MID,4.9,0.9,3.1,2.84,3.07,9.02,0
867,Yoel Bárcenas,PAN,MID,5.6,0.93,3.36,2.94,2.71,9.02,0
868,José Luis Rodríguez,PAN,MID,5.6,0.93,3.36,2.94,2.71,9.02,0
887,Adalberto Carrasquilla,PAN,MID,6.5,0.93,3.36,2.94,2.71,9.02,0.1
1578,Ben Gannon-Doak,SCO,MID,4.9,0.9,3.14,3.0,2.84,8.98,0.3
1539,Dominique Simon,HAI,MID,4.3,0.9,3.07,2.86,3.02,8.96,0.1
378,Robin Hranác,CZE,DEF,3.9,0.93,3.03,3.09,2.84,8.95,0
245,Ismaël Koné,CAN,MID,6,0.93,2.72,3.68,2.55,8.95,0.2
250,Dávinson Sánchez,COL,DEF,4.3,0.93,3.69,3.39,1.87,8.95,1.1
347,Mario Pasalic,CRO,MID,6.4,0.93,2.52,2.96,3.46,8.94,0.1
404,Joel Ordóñez,ECU,DEF,3.9,0.75,3.38,2.91,2.64,8.93,1.2
1445,Augustine Boakye,GHA,MID,4.9,0.9,3.11,2.77,3.05,8.93,0
2064,Rodrigo Bentancur,URU,MID,6,0.9,3.14,3.14,2.64,8.92,0.2
164,Gabriel Magalhães,BRA,DEF,5.5,0.93,3.25,2.87,2.79,8.92,21
1570,Rúben Dias,POR,DEF,5,0.93,3.29,3.58,2.04,8.92,5.8
1369,Neymar,BRA,MID,7.2,0.93,2.94,3.02,2.95,8.91,3.1
299,Evan Ndicka,CIV,DEF,4.4,0.93,3.6,2.44,2.85,8.89,0.3
374,Ladislav Krejcí,CZE,DEF,4.4,0.93,3.01,3.06,2.81,8.88,0.5
375,Tomás Holes,CZE,DEF,3.9,0.93,3.01,3.06,2.81,8.88,0
901,Miguel Almirón,PAR,MID,6,0.93,3.02,2.84,3.02,8.88,0.3
1077,Ronwen Williams,RSA,GK,4.5,0.9,3.01,2.7,3.16,8.88,0.4
350,Tahith Chong,CUW,MID,4.2,0.9,2.95,2.87,3.05,8.87,0.5
1145,Miro Muheim,SUI,DEF,4,0.75,3.35,2.62,2.9,8.86,0.3
1024,Liam Kelly,SCO,GK,3.7,0.9,2.86,3.16,2.84,8.86,0.3
455,Mohanad Lasheen,EGY,MID,5.3,0.93,2.69,2.99,3.13,8.81,0
456,Ibrahim Adel,EGY,MID,5.9,0.93,2.69,2.99,3.13,8.81,0
1162,Hadj Mahmoud,TUN,MID,4.9,0.93,3.14,2.94,2.73,8.8,0
1062,Yaya Sithole,RSA,MID,5.1,0.93,3.02,2.79,3.0,8.8,0
571,Jean-Ricner Bellegarde,HAI,MID,4.7,0.93,3.01,2.82,2.97,8.79,0.1
517,Michael Olise,FRA,MID,9.5,0.93,3.01,3.14,2.63,8.78,32.5
748,Raúl Jiménez,MEX,FWD,7,0.93,2.9,3.08,2.8,8.78,3
1156,Djibril Sow,SUI,MID,6.1,0.5,3.58,2.22,2.97,8.77,0
1193,Kaan Ayhan,TUR,DEF,4.5,0.93,3.09,2.83,2.85,8.77,0.1
1195,Ferdi Kadioglu,TUR,DEF,4.3,0.93,3.09,2.83,2.85,8.77,1.6
1551,Montassar Talbi,TUN,DEF,3.9,0.93,3.25,3.26,2.25,8.76,0.1
428,Alan Franco,ECU,MID,5.6,0.93,2.97,2.91,2.86,8.75,0
1947,Nilson Angulo,ECU,MID,6,0.93,2.97,2.91,2.86,8.75,0.1
792,Ismael Saibari,MAR,MID,6.8,0.93,2.79,2.93,3.01,8.73,0.5
1968,Jacob Shaffelburg,CAN,MID,5.2,0.9,2.65,3.58,2.49,8.72,0
701,Mousa Al Tamari,JOR,FWD,5.6,0.93,2.71,3.35,2.66,8.72,0.1
466,John Stones,ENG,DEF,4.6,0.75,2.47,3.23,2.99,8.69,1.3
583,Duckens Nazon,HAI,FWD,6,0.93,3.09,2.71,2.88,8.69,0.1
521,David Raum,GER,DEF,4.9,0.75,2.49,3.11,3.04,8.65,2.6
870,Amir Murillo,PAN,DEF,5,0.93,3.87,2.52,2.25,8.64,1
166,Ibañez,BRA,DEF,4.4,0.93,3.17,2.77,2.7,8.64,0.2
1345,Alex Sandro,BRA,DEF,4.5,0.93,3.17,2.77,2.7,8.64,0.7
1196,Samet Akaydin,TUR,DEF,4.1,0.75,3.07,2.61,2.95,8.63,0
1165,Moutaz Neffati,TUN,DEF,4.1,0.93,3.2,3.21,2.2,8.62,0
1553,Yan Valery,TUN,DEF,3.9,0.93,3.2,3.21,2.2,8.62,0
301,Ousmane Diomande,CIV,DEF,4.3,0.93,3.52,2.34,2.74,8.6,0.4
1580,Lawrence Shankland,SCO,FWD,5.5,0.93,3.16,2.79,2.63,8.59,0.9
838,Max Crocombe,NZL,GK,3.9,0.9,3.11,3.18,2.3,8.58,0.1
436,Mahmoud Saber,EGY,MID,4.9,0.9,2.62,2.91,3.05,8.58,0
174,Matheus Cunha,BRA,FWD,7.3,0.93,2.73,2.98,2.86,8.57,3.3
362,Brandley Kuwas,CUW,FWD,4.4,0.93,3.06,2.58,2.92,8.56,0
289,Lionel Mpasi,COD,GK,4,0.9,2.45,2.56,3.53,8.54,0.2
850,David Møller Wolfe,NOR,DEF,4,0.75,3.49,2.82,2.22,8.54,1.1
1520,Alexander Isak,SWE,FWD,8,0.93,2.74,2.82,2.98,8.54,3.3
427,Kendry Páez,ECU,MID,5.2,0.9,2.9,2.83,2.79,8.52,0.1
2012,Achraf Hakimi,MAR,DEF,6,0.93,2.71,2.84,2.96,8.51,22.1
74,Mathew Ryan,AUS,GK,4.1,0.9,2.46,2.94,3.1,8.5,0.6
2022,Bilal El Khannouss,MAR,MID,6.2,0.9,2.72,2.85,2.93,8.5,0.1
430,Moisés Caicedo,ECU,MID,6.8,0.93,2.89,2.81,2.76,8.47,1.6
625,Mehdi Torabi,IRN,MID,5.6,0.93,2.99,2.66,2.82,8.47,0
627,Mohammad Mohebi,IRN,MID,5.9,0.93,2.99,2.66,2.82,8.47,0
629,Mehdi Ghayedi,IRN,MID,5.9,0.93,2.99,2.66,2.82,8.47,0
294,Noah Sadiki,COD,MID,5.3,0.93,2.7,2.74,3.03,8.46,0.1
296,Edo Kayembe,COD,MID,5.6,0.93,2.7,2.74,3.03,8.46,0
297,Théo Bongonda,COD,MID,6.2,0.93,2.7,2.74,3.03,8.46,0
376,David Jurásek,CZE,DEF,3.9,0.93,2.86,2.94,2.64,8.43,0
899,Juan José Cáceres,PAR,DEF,3.8,0.75,2.96,2.35,3.11,8.43,0.1
438,Ahmed Fatouh,EGY,DEF,3.9,0.93,2.15,2.77,3.51,8.42,0.1
439,Mohamed Hany,EGY,DEF,3.6,0.93,2.15,2.77,3.51,8.42,0.4
1592,Karim Hafez,EGY,DEF,3.9,0.93,2.15,2.77,3.51,8.42,0
58,Jordan Bos,AUS,DEF,4,0.93,2.15,3.3,2.97,8.42,0.5
591,Johny Placide,HAI,GK,3.9,0.9,2.69,2.7,3.03,8.42,0.1
11,Riyad Mahrez,ALG,MID,6.5,0.93,2.62,3.16,2.64,8.41,0.6
26,Houssem Aouar,ALG,MID,6,0.93,2.62,3.16,2.64,8.41,0.2
27,Farès Chaïbi,ALG,MID,6.2,0.93,2.62,3.16,2.64,8.41,0
1586,Çaglar Söyüncü,TUR,DEF,4.4,0.93,2.95,2.79,2.67,8.41,0.2
1228,Matías Viña,URU,DEF,4.3,0.75,3.5,3.19,1.71,8.4,0.1
802,Jan Paul van Hecke,NED,DEF,4.3,0.75,2.73,2.79,2.86,8.38,1
1124,Viktor Gyökeres,SWE,FWD,7.8,0.75,2.66,2.76,2.95,8.37,5.7
755,Guillermo Ochoa,MEX,GK,4.2,0.9,2.98,2.91,2.46,8.34,4.8
82,Awer Mabil,AUS,MID,5.6,0.9,2.72,2.97,2.64,8.32,0
673,Koki Ogawa,JPN,FWD,4.9,0.75,2.59,2.51,3.21,8.31,0.2
999,Nawaf Al Aqidi,KSA,GK,4,0.9,2.93,2.16,3.23,8.31,0.2
1519,Ken Sema,SWE,MID,6,0.93,2.77,2.67,2.86,8.3,0.1
919,Gonçalo Inácio,POR,DEF,4.6,0.75,3.04,3.27,1.98,8.3,1.6
1457,Wataru Endo,JPN,MID,6,0.93,2.59,2.73,2.95,8.28,0.4
1311,Abduvokhid Ne'matov,UZB,GK,4,0.9,2.54,2.43,3.3,8.28,0.2
143,Stjepan Radeljic,BIH,DEF,3.7,0.75,2.88,1.88,3.51,8.28,0
437,Mohamed Abdelmonem,EGY,DEF,4,0.93,2.14,2.7,3.43,8.27,0.4
684,Ritsu Doan,JPN,DEF,5.1,0.93,1.87,3.23,3.17,8.27,1
729,Jo Hyeon-Woo,KOR,GK,4.6,0.9,2.48,2.79,3.0,8.27,0.2
34,Nicolás Tagliafico,ARG,DEF,4.3,0.75,2.93,2.15,3.18,8.27,1.2
1054,Krépin Diatta,SEN,MID,6.1,0.9,2.63,2.59,3.05,8.26,0
1254,Malik Tillman,USA,MID,6.1,0.93,2.64,2.91,2.71,8.26,0.2
322,Franck Kessie,CIV,MID,5.9,0.93,2.71,2.75,2.8,8.25,0.2
1271,Matt Freese,USA,GK,4.2,0.9,2.95,2.99,2.32,8.25,0.5
626,Saeid Ezatolahi,IRN,MID,5.6,0.9,2.92,2.59,2.74,8.25,0
499,Malo Gusto,FRA,DEF,5.1,0.75,2.96,3.58,1.7,8.24,0.5
687,Mohammad Al Daoud,JOR,MID,4.7,0.93,2.61,3.04,2.59,8.24,0
688,Noor Al Rawabdeh,JOR,MID,4.7,0.93,2.61,3.04,2.59,8.24,0
689,Nizar Al Rashdan,JOR,MID,4.9,0.93,2.61,3.04,2.59,8.24,0
1984,Elisha Owusu,GHA,MID,5.3,0.93,2.86,2.57,2.78,8.22,0
1056,Habib Diarra,SEN,MID,6.2,0.93,2.59,2.55,3.07,8.21,0.1
1265,Timothy Weah,USA,MID,5.8,0.9,2.65,2.86,2.69,8.21,0.3
325,Josip Stanisic,CRO,DEF,4.3,0.93,1.97,2.92,3.3,8.2,0.5
327,Duje Caleta-Car,CRO,DEF,4,0.93,1.97,2.92,3.3,8.2,0.3
127,Dodi Lukébakio,BEL,FWD,5.9,0.75,2.29,3.0,2.91,8.19,0.1
214,Vozinha,CPV,GK,3.9,0.9,1.98,2.73,3.48,8.18,0.1
1051,Édouard Mendy,SEN,GK,4.5,0.9,2.54,2.05,3.58,8.17,1.1
1957,Nasser Al Dawsari,KSA,MID,5.2,0.9,2.71,2.56,2.87,8.14,0.1
217,Telmo Arcanjo,CPV,MID,4.9,0.93,2.44,2.64,3.06,8.14,0
219,Laros Duarte,CPV,MID,5.1,0.93,2.44,2.64,3.06,8.14,0
1532,Gilson Benchimol,CPV,MID,5,0.93,2.44,2.64,3.06,8.14,0.7
323,Seko Fofana,CIV,MID,6.8,0.93,2.73,2.66,2.72,8.11,0.2
10,Amine Gouiri,ALG,FWD,6.2,0.75,2.42,3.22,2.47,8.11,0.1
869,Aníbal Godoy,PAN,MID,5.6,0.9,2.92,2.65,2.53,8.09,0
2043,Memphis Depay,NED,FWD,7.4,0.75,2.6,3.19,2.3,8.09,1.2
1558,Armando Obispo,CUW,DEF,3.7,0.75,2.06,2.98,3.02,8.06,0
881,Cecilio Waterman,PAN,FWD,5,0.93,3.14,2.66,2.25,8.06,0.9
118,Zeno Debast,BEL,DEF,4.3,0.75,2.86,2.88,2.28,8.03,0.2
1546,Raja'ei Ayed,JOR,MID,4.5,0.9,2.54,2.96,2.52,8.03,0
2004,Jackson Irvine,AUS,MID,5.6,0.93,2.61,2.79,2.63,8.02,0.1
307,Yan Diomande,CIV,FWD,5.9,0.93,2.46,2.78,2.77,8.0,1.2
1290,Jamshid Iskanderov,UZB,MID,5.7,0.93,2.6,2.57,2.82,8.0,0
1291,Jaloliddin Masharipov,UZB,MID,6.1,0.93,2.6,2.57,2.82,8.0,0
947,Assim Madibo,QAT,MID,5.1,0.93,2.45,2.97,2.57,7.99,0
1508,Abdulaziz Hatem,QAT,MID,5.3,0.93,2.45,2.97,2.57,7.99,0
1509,Jassem Gaber,QAT,MID,5,0.93,2.45,2.97,2.57,7.99,0.7
326,Josip Sutalo,CRO,DEF,4.3,0.93,1.95,2.85,3.16,7.97,0
218,Deroy Duarte,CPV,MID,4.9,0.9,2.38,2.57,2.98,7.93,0
320,Jean Michaël Seri,CIV,MID,5.5,0.9,2.66,2.6,2.65,7.91,0
1492,Matthew Garbett,NZL,FWD,5,0.75,3.12,2.36,2.38,7.86,0.8
620,Alireza Beiranvand,IRN,GK,4.2,0.9,2.52,2.23,3.1,7.85,0.2
295,Charles Pickel,COD,MID,5.3,0.9,2.49,2.53,2.82,7.84,0
892,Braian Ojeda,PAR,MID,5.6,0.9,2.67,2.49,2.66,7.82,0
635,Amir Al Ammari,IRQ,MID,5.3,0.93,2.48,2.53,2.81,7.82,0
656,Zidane Iqbal,IRQ,MID,5.6,0.93,2.48,2.53,2.81,7.82,0.1
1129,Kristoffer Nordfeldt,SWE,GK,3.9,0.9,2.94,2.13,2.74,7.82,0.4
1289,Oston Urunov,UZB,MID,5.6,0.9,2.54,2.51,2.75,7.79,0
946,Karim Boudiaf,QAT,MID,4.9,0.9,2.38,2.9,2.5,7.78,0
1427,Adam Hlozek,CZE,FWD,6.5,0.75,2.6,2.46,2.71,7.77,0.1
777,Ayoub El Kaabi,MAR,FWD,5.9,0.93,2.37,2.63,2.76,7.76,0.2
2046,Oussama Benbot,ALG,GK,4.2,0.9,2.32,3.09,2.31,7.71,0
871,José Córdoba,PAN,DEF,4,0.93,3.42,2.22,2.07,7.71,0.3
2027,Edgardo Fariña,PAN,DEF,3.9,0.93,3.42,2.22,2.07,7.71,0
257,Jhon Córdoba,COL,FWD,6.1,0.75,2.64,2.62,2.41,7.66,0.1
68,Nestory Irankunda,AUS,FWD,5.1,0.93,2.57,2.88,2.18,7.63,0.3
636,Aimar Sher,IRQ,MID,5.3,0.9,2.42,2.46,2.74,7.62,0
610,Mehdi Taremi,IRN,FWD,6.1,0.93,2.88,2.38,2.36,7.61,0.6
1971,Lawrence Ati Zigi,GHA,GK,4,0.9,2.87,2.36,2.38,7.61,0.3
505,Désiré Doué,FRA,MID,7.5,0.5,2.66,2.73,2.21,7.59,3.4
1992,Antoine Semenyo,GHA,FWD,7.2,0.93,2.61,2.34,2.64,7.59,4.3
923,Gonçalo Ramos,POR,FWD,7.5,0.75,2.57,2.58,2.43,7.58,0.8
1174,Ismaël Gharbi,TUN,FWD,4.6,0.93,2.85,2.43,2.3,7.58,0
243,Jonathan Osorio,CAN,MID,5.6,0.93,2.38,2.91,2.27,7.56,0
902,Antonio Sanabria,PAR,FWD,6.5,0.93,2.62,2.41,2.5,7.52,0.1
657,Ibrahim Bayesh,IRQ,MID,5.6,0.93,2.38,2.42,2.7,7.49,0
1454,Ko Itakura,JPN,DEF,4.5,0.93,1.66,3.04,2.79,7.49,0.2
1563,Jalal Hassan,IRQ,GK,3.9,0.9,2.05,2.54,2.9,7.48,0
1116,Jesper Karlström,SWE,MID,5.6,0.93,2.51,2.4,2.56,7.47,0
872,Éric Davis,PAN,DEF,3.9,0.93,3.3,2.14,2.03,7.47,0.1
379,Jaroslav Zeleny,CZE,DEF,3.9,0.75,2.52,2.56,2.36,7.44,0
235,Maxime Crépeau,CAN,GK,4,0.9,2.4,2.95,2.07,7.42,4
1485,Santiago Giménez,MEX,FWD,6.8,0.75,2.45,2.6,2.37,7.42,0.6
709,Yazeed  Abulaila,JOR,GK,3.9,0.9,2.29,2.82,2.3,7.41,0
1099,Unai Simón,ESP,GK,5,0.5,2.45,2.61,2.33,7.39,6
1072,Relebohile Mofokeng,RSA,FWD,4.9,0.75,2.59,2.28,2.49,7.36,0.1
582,Wilson Isidor,HAI,FWD,5,0.75,2.61,2.3,2.44,7.35,1.2
2016,Issa Diop,MAR,DEF,4.5,0.93,2.39,2.44,2.52,7.34,0.2
305,Ghislain Konan,CIV,DEF,4,0.75,2.97,2.01,2.34,7.31,0.3
252,Johan Mojica,COL,DEF,3.9,0.75,3.0,2.76,1.55,7.31,4.9
24,Hicham Boudaoui,ALG,MID,5.5,0.9,2.31,2.67,2.32,7.3,0
1063,Aubrey Modiba,RSA,DEF,3.7,0.93,2.57,1.93,2.79,7.29,0.1
1064,Thabang Matuludi,RSA,DEF,3.7,0.93,2.57,1.93,2.79,7.29,0
1065,Khuliso Mudau,RSA,DEF,3.6,0.93,2.57,1.93,2.79,7.29,0.1
1701,Bradley Cross,RSA,DEF,3.6,0.93,2.57,1.93,2.79,7.29,0.1
958,Akram Afif,QAT,FWD,5.9,0.93,2.09,2.94,2.25,7.28,0.1
1019,Ché Adams,SCO,FWD,5.4,0.75,2.67,2.36,2.23,7.26,0.3
1010,Kieran Tierney,SCO,DEF,4.3,0.93,2.33,2.76,2.16,7.25,0.9
1011,Nathan Patterson,SCO,DEF,4,0.93,2.33,2.76,2.16,7.25,0.4
167,Danilo,BRA,DEF,4.3,0.75,2.64,2.33,2.27,7.24,0.7
1167,Omar Rekik,TUN,DEF,3.8,0.75,2.67,2.68,1.86,7.22,0
227,Cyle Larin,CAN,FWD,6.2,0.75,2.04,3.28,1.88,7.2,0.1
207,Jovane Cabral,CPV,FWD,4.9,0.75,2.17,2.28,2.73,7.18,0.1
2014,Noussair Mazraoui,MAR,DEF,4.4,0.93,2.36,2.38,2.44,7.18,1
1191,Irfan Can Kahveci,TUR,MID,5.9,0.5,2.48,2.11,2.58,7.17,0
2011,Nayef Aguerd,MAR,DEF,4.3,0.93,2.35,2.37,2.44,7.16,0.2
715,Kim Min-Jae,KOR,DEF,5,0.93,1.81,2.52,2.79,7.12,2.1
662,Yukinari Sugawara,JPN,DEF,4.4,0.93,1.55,2.93,2.62,7.11,0.2
1455,Takehiro Tomiyasu,JPN,DEF,4.9,0.93,1.55,2.93,2.62,7.11,0.6
440,Ramy Rabia,EGY,DEF,3.6,0.75,1.82,2.32,2.92,7.06,0.1
1577,Aaron Hickey,SCO,DEF,4.3,0.93,2.23,2.7,2.13,7.06,0.2
805,Donyell Malen,NED,FWD,6.1,0.25,2.25,2.84,1.95,7.04,1.3
2002,Harry Souttar,AUS,DEF,4.1,0.93,1.65,2.66,2.65,6.96,0.1
424,Moisés Ramírez,ECU,GK,3.9,0.5,2.52,2.28,2.15,6.95,0.2
328,Marin Pongracic,CRO,DEF,4,0.75,1.68,2.45,2.76,6.88,0.3
1154,Yvon Mvogo,SUI,GK,4.2,0.5,2.42,2.18,2.26,6.86,0.1
879,Ismael Díaz,PAN,FWD,4.9,0.75,2.65,2.25,1.92,6.83,0.1
206,Ryan Mendes,CPV,FWD,4.9,0.93,2.04,2.16,2.61,6.81,0.1
827,Tim Payne,NZL,DEF,3.6,0.93,2.91,2.77,1.12,6.81,0.4
1488,Michael Boxall,NZL,DEF,3.7,0.93,2.91,2.77,1.12,6.81,0
1490,Nando Pijnaker,NZL,DEF,3.7,0.93,2.91,2.77,1.12,6.81,0
1688,Isidro Pitta,PAR,FWD,5.9,0.75,2.4,2.15,2.26,6.81,0
581,Duke Lacroix,HAI,DEF,3.5,0.93,2.12,2.02,2.65,6.79,0.4
160,Ivan Basic,BIH,MID,5.1,0.5,2.32,1.78,2.67,6.78,0
412,Enner Valencia,ECU,FWD,5.9,0.93,2.19,2.26,2.27,6.72,0.6
478,Dean Henderson,ENG,GK,4.2,0.5,2.05,2.37,2.29,6.7,0.3
1983,Thomas Partey,GHA,MID,6.2,0.93,2.32,2.15,2.23,6.7,0.1
1245,Fernando Muslera,URU,GK,4.1,0.5,2.52,2.34,1.77,6.63,0.5
2023,Soufiane Rahimi,MAR,FWD,5.6,0.75,2.01,2.23,2.34,6.58,0.1
363,Sontje Hansen,CUW,FWD,4.4,0.75,2.36,1.97,2.25,6.57,0
909,Gastón Olveira,PAR,GK,3.8,0.5,2.24,2.0,2.33,6.57,0.1
533,Alexander Nübel,GER,GK,4.7,0.5,1.98,2.28,2.29,6.55,0.4
646,Aymen Hussein,IRQ,FWD,5.3,0.93,2.1,2.04,2.42,6.55,0.1
1238,Brian Rodríguez,URU,FWD,6.2,0.75,2.3,2.47,1.78,6.54,0.1
575,Carlens Arcus,HAI,DEF,3.8,0.93,2.02,1.94,2.57,6.53,0
723,Son Heung-Min,KOR,FWD,7.4,0.93,2.1,2.27,2.14,6.52,2.1
275,Axel Tuanzebe,COD,DEF,4,0.93,1.45,1.69,3.37,6.51,0.4
259,Luis Suárez,COL,FWD,5.7,0.25,2.24,2.23,2.02,6.5,2.5
2026,Fidel Escobar,PAN,DEF,3.8,0.75,2.85,1.88,1.76,6.49,0.1
574,Jean-Kévin Duverne,HAI,DEF,3.8,0.93,2.01,1.93,2.55,6.49,0
576,Hannes Delcroix,HAI,DEF,3.7,0.93,2.01,1.93,2.55,6.49,0
475,Morgan Rogers,ENG,MID,7.2,0.5,2.05,2.35,2.08,6.49,0.9
724,Hwang Hee-Chan,KOR,FWD,6.1,0.75,2.07,2.29,2.13,6.48,0.1
60,Alessandro Circati,AUS,DEF,3.9,0.93,1.49,2.46,2.53,6.48,0.1
132,Senne Lammens,BEL,GK,4.6,0.5,2.27,2.24,1.97,6.48,1.6
2006,Mohamed Touré,AUS,FWD,5,0.75,2.18,2.44,1.86,6.47,1
1104,Rodri,ESP,MID,7.5,0.5,2.28,2.23,1.96,6.46,1.9
860,Egil Selvik,NOR,GK,3.8,0.5,2.43,2.11,1.92,6.46,0.1
862,Jens Petter Hauge,NOR,MID,5.9,0.5,2.32,2.24,1.9,6.46,0.1
611,Alireza Jahanbakhsh,IRN,FWD,5.3,0.75,2.44,2.02,2.0,6.46,0
1599,Nadiem Amiri,GER,MID,6.3,0.5,2.18,2.2,2.07,6.45,0.1
369,Trevor Doornbusch,CUW,GK,3.6,0.5,1.85,2.31,2.29,6.45,0
72,Jacob Italiano,AUS,DEF,4.2,0.93,1.47,2.45,2.52,6.44,0.1
46,Gerónimo Rulli,ARG,GK,4.5,0.5,2.2,1.92,2.31,6.43,0.2
1175,Elias Saad,TUN,FWD,4.5,0.75,2.41,2.07,1.95,6.43,0
716,Seol Young-Woo,KOR,DEF,4.2,0.93,1.6,2.26,2.57,6.43,0.1
718,Kim Moon-Hwan,KOR,DEF,3.9,0.93,1.6,2.26,2.57,6.43,0
1548,Lee Gi-Hyuk,KOR,DEF,4.5,0.93,1.6,2.26,2.57,6.43,0.1
447,Trezeguet,EGY,FWD,5.6,0.75,1.9,2.24,2.29,6.42,0.1
177,Luiz Henrique,BRA,FWD,6.1,0.75,2.03,2.24,2.14,6.41,0.2
663,Tsuyoshi Watanabe,JPN,DEF,4.3,0.75,1.46,2.57,2.38,6.41,0.1
740,Johan Vásquez,MEX,DEF,4.7,0.93,2.5,2.42,1.49,6.41,2.7
136,Amadou Onana,BEL,MID,5.9,0.5,1.99,2.25,2.16,6.4,0.3
1489,Liberato Cacace,NZL,DEF,4.1,0.93,2.68,2.68,1.02,6.38,0
99,Patrick Pentz,AUT,GK,4.6,0.5,2.3,1.9,2.18,6.38,0.1
1326,Giovani Lo Celso,ARG,MID,6.2,0.5,2.25,1.83,2.29,6.36,0.1
741,César Montes,MEX,DEF,4.7,0.93,2.48,2.41,1.47,6.36,0.5
742,Jesús Gallardo,MEX,DEF,4.7,0.93,2.48,2.41,1.47,6.36,0.6
743,Jorge Sánchez,MEX,DEF,4,0.93,2.48,2.41,1.47,6.36,0.9
508,Brice Samba,FRA,GK,4.5,0.5,2.18,2.48,1.7,6.36,0.2
810,Mark Flekken,NED,GK,4.7,0.5,2.1,2.05,2.2,6.35,0.3
1990,Abdul Fatawu,GHA,FWD,6.4,0.75,2.18,1.96,2.21,6.35,0.1
316,Alban Lafont,CIV,GK,4.1,0.5,2.36,1.91,2.05,6.32,0.2
1547,Ali Olwan,JOR,FWD,4.2,0.75,1.94,2.44,1.9,6.27,0.1
176,Gabriel Martinelli,BRA,MID,6.5,0.5,2.02,2.14,2.06,6.22,0.7
273,Arthur Masuaku,COD,DEF,4.2,0.93,1.36,1.59,3.25,6.2,0
2017,Zakaria El Ouahdi,MAR,DEF,4.1,0.75,2.02,2.06,2.12,6.19,0
2067,Mladen Jurkas,BIH,GK,3.5,0.5,2.09,1.81,2.29,6.19,3.2
1510,Ahmed Alaa,QAT,FWD,5.5,0.75,1.78,2.48,1.91,6.18,0
931,Rui Silva,POR,GK,4.7,0.5,2.16,2.27,1.75,6.18,0.7
390,Lukás Cerv,CZE,MID,5.3,0.5,2.07,2.01,2.1,6.18,0
281,Yoane Wissa,COD,FWD,6.2,0.75,2.0,2.02,2.15,6.17,0.2
1066,Nkosinathi Sibisi,RSA,DEF,3.6,0.75,2.17,1.64,2.34,6.15,0
1042,Iliman Ndiaye,SEN,FWD,6.5,0.75,1.94,1.98,2.23,6.15,0.6
1260,Joe Scally,USA,DEF,4.1,0.93,2.3,2.6,1.24,6.14,0
272,Aaron Wan-Bissaka,COD,DEF,4.3,0.93,1.34,1.57,3.23,6.14,0.6
1012,Jack Hendry,SCO,DEF,3.9,0.75,1.97,2.31,1.83,6.1,0.1
1185,Aymen Dahmen,TUN,GK,3.9,0.5,2.11,2.16,1.82,6.08,0
310,Amad Diallo,CIV,FWD,5.9,0.75,1.94,2.07,2.07,6.08,0.8
274,Chancel Mbemba,COD,DEF,4.2,0.93,1.32,1.55,3.21,6.08,0.1
263,David Ospina,COL,GK,4,0.5,2.25,2.15,1.67,6.06,1
182,Ederson,BRA,GK,5,0.5,2.13,1.96,1.95,6.04,3.1
267,Juan Fernando Quintero,COL,MID,5.6,0.5,2.1,2.06,1.88,6.04,0.1
452,El Mahdy Soliman,EGY,GK,3.6,0.5,1.81,1.98,2.24,6.02,0
1954,Moteb Al Harbi,KSA,DEF,4.1,0.93,2.31,0.71,3.0,6.02,0
1212,Altay Bayindir,TUR,GK,4,0.5,2.04,2.02,1.94,6.0,0.7
2,Ramy Bensebaini,ALG,DEF,4.4,0.93,1.34,3.31,1.34,5.99,0.2
1400,Jindrich Stanek,CZE,GK,4,0.5,2.01,2.05,1.93,5.98,0.2
1259,Chris Richards,USA,DEF,4.1,0.93,2.28,2.52,1.18,5.98,0.6
820,Alex Rufer,NZL,MID,4.9,0.5,2.22,1.92,1.84,5.97,0
1266,Ricardo Pepi,USA,FWD,5.9,0.75,1.77,2.14,2.05,5.96,0.1
1474,Edson Álvarez,MEX,MID,6,0.5,2.0,2.02,1.92,5.94,0.5
1535,Dominik Kotarski,CRO,GK,4.4,0.5,1.75,2.04,2.13,5.93,0.1
968,Meshaal Barsham,QAT,GK,4.1,0.9,1.7,2.17,2.02,5.89,0
992,Feras Al Brikan,KSA,FWD,5.3,0.93,1.87,1.81,2.2,5.88,0
732,Paik Seung-Ho,KOR,MID,5.6,0.5,1.86,2.02,1.95,5.82,0
911,Damián Bobadilla,PAR,MID,5.5,0.5,2.0,1.84,1.96,5.8,0
936,Vitinha,POR,MID,6.4,0.5,1.97,2.0,1.82,5.79,11.4
1704,Kamogelo Sebelebele,RSA,MID,4.5,0.5,1.99,1.83,1.97,5.78,0
983,Saud Abdulhamid,KSA,DEF,4.1,0.93,2.23,0.63,2.93,5.78,0.2
825,Tyler Bindon,NZL,DEF,3.6,0.75,2.45,2.33,1.0,5.77,0
569,Woodensky Pierre,HAI,MID,4.2,0.5,1.97,1.84,1.94,5.75,0
978,Mohamed Kanno,KSA,MID,5.1,0.5,1.86,1.74,2.13,5.74,0
885,Orlando Mosquera,PAN,GK,3.9,0.5,2.16,1.79,1.78,5.73,0.1
413,Gonzalo Plata,ECU,FWD,5.6,0.75,1.87,1.92,1.93,5.72,0
2065,Rodrigo Zalazar,URU,MID,6,0.5,2.02,2.04,1.65,5.71,0.1
1258,Antonee Robinson,USA,DEF,5,0.93,2.2,2.4,1.07,5.67,3.4
2031,Sergiño Dest,USA,DEF,4.3,0.93,2.2,2.4,1.07,5.67,2
678,Keisuke Osako,JPN,GK,4,0.5,1.63,2.08,1.93,5.65,0.3
866,Cristian Martínez,PAN,MID,5.3,0.5,2.08,1.85,1.71,5.64,0
106,Nicolas Seiwald,AUT,MID,5.6,0.5,1.96,1.73,1.93,5.63,0
1307,Igor Sergeev,UZB,FWD,6.1,0.75,1.85,1.84,1.94,5.62,0
1665,Munir El Kajoui,MAR,GK,4,0.5,1.87,1.87,1.88,5.62,0.2
241,Nathan Saliba,CAN,MID,5.1,0.5,1.72,2.28,1.62,5.62,0.1
1118,Daniel Svensson,SWE,DEF,4.5,0.93,2.49,0.88,2.25,5.61,0.5
1253,Brenden Aaronson,USA,MID,5.7,0.5,1.79,1.96,1.85,5.6,0.3
1537,Mateo Kovacic,CRO,MID,6,0.5,1.68,1.86,2.04,5.58,0.3
647,Mohanad Ali,IRQ,FWD,4.9,0.75,1.79,1.74,2.05,5.58,0.1
1294,Rustam Ashurmatov,UZB,DEF,3.7,0.93,1.48,1.25,2.84,5.57,0
1295,Sherzod Nasrullaev,UZB,DEF,3.7,0.93,1.48,1.25,2.84,5.57,0
1296,Farrukh Sayfiev,UZB,DEF,3.6,0.93,1.48,1.25,2.84,5.57,0
1078,Ricardo Goss,RSA,GK,3.7,0.5,1.87,1.7,1.95,5.52,0
1025,Angus Gunn,SCO,GK,3.6,0.5,1.78,1.96,1.78,5.51,1.8
1150,Noah Okafor,SUI,FWD,5.9,0.25,2.26,1.38,1.87,5.51,0.4
435,Emam Ashour,EGY,MID,4.6,0.5,1.7,1.87,1.94,5.51,0.4
577,Ricardo Adé,HAI,DEF,3.5,0.75,1.71,1.65,2.15,5.51,0.1
1554,Elias Achouri,TUN,MID,4.8,0.5,1.95,1.83,1.72,5.5,0
1028,Lewis Ferguson,SCO,MID,4.8,0.5,1.9,1.84,1.76,5.5,0.2
1293,Abdukodir Khusanov,UZB,DEF,4.3,0.93,1.45,1.22,2.8,5.48,0.9
61,Cameron Burgess,AUS,DEF,3.8,0.75,1.27,2.06,2.12,5.46,0.1
719,Lee Han-Beom,KOR,DEF,3.7,0.75,1.38,1.92,2.16,5.45,0
429,Pedro Vite,ECU,MID,5.2,0.5,1.85,1.81,1.79,5.45,0
1032,Pape Gueye,SEN,MID,5.9,0.5,1.68,1.68,2.08,5.45,0.1
1037,Kalidou Koulibaly,SEN,DEF,4.9,0.93,1.52,0.43,3.48,5.43,0.7
814,Teun Koopmeiners,NED,MID,6.2,0.5,1.78,1.89,1.75,5.42,0.1
744,Israel Reyes,MEX,DEF,4,0.75,2.09,2.04,1.28,5.41,0.4
81,Aiden O'Neill,AUS,MID,5.4,0.5,1.76,1.86,1.77,5.39,0.1
839,Alex Paulsen,NZL,GK,3.8,0.5,1.93,1.96,1.47,5.36,0.1
75,Paul Izzo,AUS,GK,3.6,0.5,1.58,1.85,1.93,5.36,0.1
669,Junya Ito,JPN,MID,5,0.5,1.65,1.71,1.99,5.35,1.4
290,Matthieu Epolo,COD,GK,3.7,0.5,1.56,1.62,2.16,5.34,0.1
1951,Hassan Al Tambakti,KSA,DEF,4.5,0.93,2.11,0.53,2.69,5.34,0.1
1953,Jehad Thikri,KSA,DEF,4,0.93,2.11,0.53,2.69,5.34,0.2
532,Nick Woltemade,GER,FWD,7.2,0.75,1.86,1.81,1.67,5.33,1.2
596,Mohammad Ghorbani,IRN,MID,5.1,0.5,1.88,1.68,1.77,5.33,0
221,Derek Cornelius,CAN,DEF,4,0.93,1.44,3.32,0.56,5.32,0.4
293,Samuel Moutoussamy,COD,MID,5.1,0.5,1.71,1.73,1.89,5.32,0
730,Kim Seung-Gyu,KOR,GK,4.1,0.5,1.61,1.78,1.91,5.3,0.1
202,Kelvin Pires,CPV,DEF,3.6,0.93,0.18,1.89,3.23,5.3,0
592,Alexandre Pierre,HAI,GK,3.6,0.5,1.69,1.7,1.88,5.27,0
857,Andreas Schjelderup,NOR,FWD,6.2,0.25,1.91,1.91,1.44,5.27,0.2
1033,Mamadou Sarr,SEN,DEF,4.7,0.93,1.5,0.39,3.38,5.27,0.3
220,Richie Laryea,CAN,DEF,3.9,0.75,1.42,3.16,0.68,5.26,0.1
276,Joris Kayembe,COD,DEF,3.9,0.75,1.17,1.36,2.71,5.25,0
1095,Borja Iglesias,ESP,FWD,6.8,0.25,2.0,1.83,1.42,5.24,0.1
1113,Lucas Bergvall,SWE,MID,5.1,0.5,1.74,1.69,1.8,5.24,0.4
756,Carlos Acevedo,MEX,GK,4,0.5,1.85,1.81,1.56,5.23,0.3
2049,Nabil Bentaleb,ALG,MID,5.5,0.5,1.63,1.93,1.65,5.21,0
1000,Ahmed Al Kassar,KSA,GK,3.9,0.5,1.82,1.39,1.99,5.21,0
686,Ibrahim Sadeh,JOR,MID,4.4,0.5,1.65,1.9,1.64,5.2,0
1312,Utkir Yusupov,UZB,GK,3.9,0.5,1.61,1.55,2.03,5.19,0
1035,El Hadji Malick Diouf,SEN,DEF,4.1,0.93,1.47,0.37,3.35,5.19,0.7
203,Sidny Cabral,CPV,DEF,3.5,0.75,0.36,1.79,3.04,5.19,0.2
924,João Félix,POR,FWD,6.5,0.25,1.76,1.78,1.65,5.19,2.1
1270,Matt Turner,USA,GK,4,0.5,1.83,1.86,1.48,5.18,0.9
1034,Moussa Niakhaté,SEN,DEF,4.3,0.93,1.48,0.37,3.32,5.17,0.1
199,Steven Moreira,CPV,DEF,3.9,0.93,0.12,1.84,3.2,5.16,0
200,Wagner Pina,CPV,DEF,3.8,0.93,0.12,1.84,3.2,5.16,0
201,Pico,CPV,DEF,3.7,0.93,0.12,1.84,3.2,5.16,0
215,CJ dos Santos,CPV,GK,3.6,0.5,1.29,1.71,2.13,5.14,0
1531,Hélio Varela,CPV,MID,4.9,0.5,1.56,1.67,1.91,5.13,0
319,Parfait Guiagon,CIV,MID,4.9,0.5,1.71,1.68,1.71,5.09,0
1052,Yehvann Diouf,SEN,GK,3.9,0.5,1.59,1.32,2.17,5.09,0.1
1146,Eray Cömert,SUI,DEF,3.9,0.25,2.0,1.38,1.69,5.07,0
1087,Alejandro Grimaldo,ESP,DEF,4.9,0.25,1.79,1.82,1.46,5.07,1.6
944,Ahmed Fathy,QAT,MID,4.7,0.5,1.56,1.87,1.63,5.06,0
1287,Aziz G'aniev,UZB,MID,5.3,0.5,1.65,1.63,1.77,5.05,0
1,Rayan Aït-Nouri,ALG,DEF,4.9,0.93,1.12,2.8,1.11,5.03,1.1
993,Abdullah Al Hamddan,KSA,FWD,4.9,0.75,1.6,1.55,1.88,5.02,0.1
984,Abdulelah Al Amri,KSA,DEF,3.7,0.75,1.91,0.62,2.48,5.02,0
597,Ramin Rezaeian,IRN,DEF,4,0.93,1.62,0.84,2.54,5.0,0.3
598,Hossein Kanani,IRN,DEF,3.9,0.93,1.62,0.84,2.54,5.0,0
599,Milad Mohammadi,IRN,DEF,3.8,0.93,1.62,0.84,2.54,5.0,0
600,Shoja Khalilzadeh,IRN,DEF,3.8,0.93,1.62,0.84,2.54,5.0,0
1982,Caleb Yirenkyi,GHA,MID,4.7,0.5,1.73,1.59,1.69,5.0,0
1119,Gabriel Gudmundsson,SWE,DEF,4.2,0.93,2.3,0.67,2.02,4.99,0.6
1518,Isak Hien,SWE,DEF,4.1,0.93,2.29,0.66,2.01,4.96,0.1
621,Payam Niazmand,IRN,GK,3.9,0.5,1.6,1.43,1.92,4.95,0
634,Kevin Yakob,IRQ,MID,5.1,0.5,1.58,1.6,1.77,4.95,0
18,Luca Zidane,ALG,GK,3.8,0.5,1.49,1.91,1.48,4.88,1
1514,Viktor Johansson,SWE,GK,3.9,0.5,1.81,1.36,1.7,4.86,0.2
1264,Alexander Freeman,USA,DEF,4,0.75,1.86,2.03,0.95,4.84,0.4
565,Benjamin Asare,GHA,GK,3.8,0.5,1.79,1.51,1.52,4.82,0.1
1297,Khojiakbar Alijonov,UZB,DEF,3.6,0.75,1.28,1.09,2.38,4.75,0
653,Ahmed Basil,IRQ,GK,3.8,0.5,1.33,1.61,1.81,4.75,0
1712,Ivan Toney,ENG,FWD,7.5,0.25,1.5,1.74,1.48,4.72,0.2
2047,Samir Chergui,ALG,DEF,4,0.93,1.03,2.67,1.01,4.72,0.2
2048,Mohamed Tougaï,ALG,DEF,4,0.93,1.03,2.67,1.01,4.72,0.2
236,Dayne St. Clair,CAN,GK,3.8,0.5,1.53,1.84,1.35,4.72,0.3
710,Abdallah Al Fakhouri,JOR,GK,3.6,0.5,1.47,1.76,1.48,4.71,0.1
1432,Jean-Philippe Mateta,FRA,FWD,6.5,0.25,1.62,1.62,1.37,4.61,0.3
2018,Sofyan Amrabat,MAR,MID,5.9,0.5,1.5,1.54,1.57,4.61,0.1
39,Julián Alvarez,ARG,FWD,8.6,0.25,1.64,1.3,1.65,4.59,16.1
1120,Carl Starfelt,SWE,DEF,4.1,0.93,2.16,0.52,1.84,4.53,0.1
148,Jovo Lukic,BIH,FWD,5.6,0.25,1.56,1.05,1.88,4.5,0
1036,Ismail Jakobs,SEN,DEF,4.1,0.75,1.27,0.38,2.79,4.44,0
1973,Abdul Baba,GHA,DEF,3.9,0.93,2.14,1.06,1.18,4.38,0.1
1980,Jerome Opoku,GHA,DEF,3.8,0.93,2.14,1.06,1.18,4.38,0
1981,Gideon Mensah,GHA,DEF,3.9,0.93,2.14,1.06,1.18,4.38,0.1
1961,Alphonso Davies,CAN,DEF,4.9,0.93,1.25,2.7,0.42,4.38,4.3
1963,Alistair Johnston,CAN,DEF,4,0.93,1.25,2.7,0.42,4.38,0.5
178,Igor Thiago,BRA,FWD,5.9,0.25,1.36,1.51,1.44,4.31,2.6
1974,Alidu Seidu,GHA,DEF,3.9,0.93,2.11,1.06,1.14,4.31,0
601,Ehsan Hajisafi,IRN,DEF,3.7,0.75,1.4,0.77,2.13,4.3,0
2024,Abde Ezzalzouli,MAR,FWD,5.3,0.25,1.3,1.44,1.51,4.24,0.2
1121,Victor Lindelöf,SWE,DEF,4,0.75,1.92,0.6,1.67,4.19,1.7
690,Yazan Al Arab,JOR,DEF,3.7,0.93,0.97,2.18,0.99,4.14,0.1
691,Abdallah Nasib,JOR,DEF,3.6,0.93,0.97,2.18,0.99,4.14,0
692,Mohannad Abu Taha,JOR,DEF,3.5,0.93,0.97,2.18,0.99,4.14,0.1
1543,Ehsan Haddad,JOR,DEF,3.5,0.93,0.97,2.18,0.99,4.14,0.1
531,Deniz Undav,GER,FWD,6.6,0.25,1.45,1.4,1.27,4.13,0.9
120,Koni De Winter,BEL,DEF,4.2,0.25,1.36,1.45,1.24,4.06,0.1
1043,Ismaïla Sarr,SEN,FWD,6.2,0.25,1.24,1.28,1.49,4.0,0.5
2034,Haji Wright,USA,FWD,5.3,0.25,1.19,1.43,1.37,3.99,0.1
1525,Matias Fernandez-Pardo,BEL,FWD,5.6,0.25,1.14,1.44,1.4,3.97,0.1
637,Merchas Doski,IRQ,DEF,3.8,0.93,0.33,1.43,2.21,3.97,0.1
638,Frans Putros,IRQ,DEF,3.7,0.93,0.33,1.43,2.21,3.97,0
639,Rebin Sulaka,IRQ,DEF,3.7,0.93,0.33,1.43,2.21,3.97,0
641,Hussein Ali,IRQ,DEF,3.6,0.93,0.33,1.43,2.21,3.97,0
3,Aïssa Mandi,ALG,DEF,3.9,0.75,0.89,2.18,0.88,3.95,0.1
1964,Moïse Bombito,CAN,DEF,4.1,0.93,1.15,2.41,0.35,3.92,0.1
334,Ivan Perisic,CRO,FWD,5.4,0.25,1.12,1.28,1.49,3.89,0.5
851,Fredrik Bjørkan,NOR,DEF,4,0.25,1.53,1.3,1.06,3.89,0.3
1237,Federico Viñas,URU,FWD,5.9,0.25,1.36,1.46,1.07,3.89,0
228,Tajon Buchanan,CAN,FWD,5.5,0.25,1.12,1.71,1.05,3.88,0.1
405,Félix Torres,ECU,DEF,3.9,0.25,1.43,1.27,1.18,3.88,0.1
969,Salah Zakaria,QAT,GK,3.7,0.5,1.14,1.4,1.32,3.86,0
831,Kosta Barbarouses,NZL,FWD,4.4,0.25,1.49,1.17,1.18,3.83,0
492,Theo Hernández,FRA,DEF,5,0.25,1.35,1.56,0.9,3.82,3.4
169,Bremer,BRA,DEF,4.3,0.25,1.32,1.27,1.22,3.82,0.5
1977,Abdul Mumin,GHA,DEF,3.7,0.75,1.81,0.94,1.04,3.79,0
1425,Jan Kuchta,CZE,FWD,5.5,0.25,1.27,1.21,1.32,3.79,0
459,Tino Livramento,ENG,DEF,4.6,0.25,1.12,1.37,1.3,3.79,0.2
803,Jorrel Hato,NED,DEF,4.3,0.25,1.24,1.28,1.27,3.79,0.3
522,Malick Thiaw,GER,DEF,4.7,0.25,1.13,1.34,1.31,3.78,0.7
1341,Dennis Hadzikadunic,BIH,DEF,3.7,0.25,1.3,0.93,1.53,3.76,0
97,Sasa Kalajdzic,AUT,FWD,6,0.25,1.36,1.05,1.35,3.75,0.1
898,Gustavo Velázquez,PAR,DEF,3.8,0.25,1.3,1.09,1.35,3.74,0
1230,Guillermo Varela,URU,DEF,4.2,0.25,1.48,1.38,0.87,3.72,0.4
1208,Oguz Aydin,TUR,FWD,5,0.25,1.29,1.04,1.38,3.7,0.9
1323,Gonzalo Montiel,ARG,DEF,4.3,0.25,1.28,1.02,1.37,3.67,0.3
92,Marco Friedl,AUT,DEF,4.3,0.25,1.38,1.0,1.29,3.66,0
750,Julián Quiñones,MEX,FWD,5.6,0.25,1.21,1.27,1.17,3.65,0.4
1073,Oswin Appollis,RSA,FWD,4.9,0.25,1.26,1.13,1.22,3.62,0.1
584,Frantzdy Pierrot,HAI,FWD,4.7,0.25,1.27,1.14,1.2,3.61,0
1559,Deveron Fonville,CUW,DEF,3.7,0.25,1.0,1.3,1.32,3.61,0
1544,Saed Al Rosan,JOR,DEF,3.5,0.75,0.87,1.85,0.88,3.6,0.1
1571,Nélson Semedo,POR,DEF,4.3,0.25,1.29,1.37,0.94,3.59,0.2
1579,Ross Stewart,SCO,FWD,5.4,0.25,1.3,1.17,1.11,3.58,0
725,Cho Gue-Sung,KOR,FWD,5.3,0.25,1.14,1.24,1.16,3.54,0
1169,Adem Arous,TUN,DEF,3.6,0.25,1.26,1.24,0.96,3.46,0
642,Zaid Tahseen,IRQ,DEF,3.6,0.75,0.35,1.24,1.87,3.46,0
1405,David Zima,CZE,DEF,3.9,0.25,1.16,1.17,1.11,3.44,0
1197,Mert Müldür,TUR,DEF,4.1,0.25,1.2,1.1,1.14,3.43,0
251,Déiver Machado,COL,DEF,3.9,0.25,1.33,1.25,0.84,3.43,0.1
1465,Mateo Chávez,MEX,DEF,3.5,0.25,1.23,1.25,0.94,3.42,0.9
880,José Fajardo,PAN,FWD,4.7,0.25,1.29,1.12,0.98,3.39,0
903,Ramón Sosa,PAR,FWD,5.3,0.25,1.18,1.08,1.12,3.39,0
1125,Anthony Elanga,SWE,FWD,5.8,0.25,1.1,1.12,1.17,3.38,0.4
994,Khalid Al Ghannam,KSA,FWD,4.9,0.25,1.07,1.03,1.27,3.38,0.1
2051,Christopher Opéri,CIV,DEF,4,0.25,1.29,0.98,1.09,3.36,0.2
665,Hiroki Ito,JPN,DEF,3.9,0.25,0.87,1.23,1.25,3.35,0.4
364,Kenji Gorré,CUW,FWD,4.2,0.25,1.17,1.0,1.12,3.29,0
441,Hossam Abdelmaguid,EGY,DEF,3.6,0.25,0.91,1.08,1.28,3.27,0
2013,Chadi Riad,MAR,DEF,3.9,0.25,1.05,1.09,1.13,3.27,0.1
70,Nishan Velupillay,AUS,FWD,4.4,0.25,1.09,1.2,0.95,3.25,0
612,Saman Ghoddos,IRN,FWD,4.9,0.25,1.2,1.02,1.02,3.24,0.1
308,Nicolas Pépé,CIV,FWD,5.9,0.25,1.02,1.11,1.11,3.23,0.2
1987,Iñaki Williams,GHA,FWD,5.9,0.25,1.1,1.02,1.11,3.23,0.4
1176,Firas Chaouat,TUN,FWD,4.4,0.25,1.19,1.04,1.0,3.23,0
12,Ibrahim Maza,ALG,FWD,5.4,0.25,0.99,1.23,1.0,3.23,0.2
648,Ali Jasim,IRQ,FWD,4.9,0.25,1.05,1.03,1.15,3.22,0.1
329,Martin Erlic,CRO,DEF,3.9,0.25,0.86,1.12,1.23,3.21,0
702,Mohammad Abu Zraiq,JOR,FWD,4.2,0.25,0.99,1.2,0.97,3.16,0
959,Almoez Ali,QAT,FWD,5.3,0.25,0.92,1.22,0.98,3.12,0
282,Simon Banza,COD,FWD,5.6,0.25,1.02,1.03,1.08,3.12,0
128,Alexis Saelemaekers,BEL,MID,5.7,0.1,0.96,1.08,1.05,3.09,0.1
873,César Blackman,PAN,DEF,3.7,0.25,1.27,0.94,0.89,3.09,0.1
925,Pedro Neto,POR,MID,6.4,0.1,1.02,1.02,0.95,2.99,0.5
1014,Scott McKenna,SCO,DEF,3.8,0.25,0.98,1.08,0.92,2.98,0.2
448,Haissem Hassan,EGY,FWD,4.6,0.25,0.93,1.01,1.02,2.97,0.1
208,Dailon Livramento,CPV,FWD,4.9,0.25,0.9,0.95,1.11,2.96,0.1
675,Keisuke Goto,JPN,FWD,4.2,0.25,0.94,0.92,1.09,2.95,0.1
1998,Fabián Ruiz,ESP,MID,6.8,0.1,1.04,1.01,0.9,2.94,1.1
415,Kevin Rodríguez,ECU,FWD,4.9,0.25,0.96,0.98,0.99,2.93,0.2
1310,Azizbek Amanov,UZB,FWD,4.9,0.25,0.95,0.95,0.99,2.89,0.1
826,Francis de Vries,NZL,DEF,3.6,0.25,1.15,1.09,0.64,2.88,0
157,Dzenis Burnic,BIH,MID,4.9,0.1,0.98,0.8,1.1,2.88,0
1133,Johan Manzambi,SUI,MID,5.6,0.04,1.12,0.78,0.97,2.87,0.2
1581,Christian Fassnacht,SUI,MID,6.1,0.1,1.06,0.83,0.96,2.86,0
2038,Guus Til,NED,MID,4.9,0.04,0.92,1.07,0.85,2.84,0.1
1067,Mbekezeli Mbokazi,RSA,DEF,3.5,0.25,0.97,0.81,1.03,2.81,0.3
578,Martin Expérience,HAI,DEF,3.5,0.25,0.89,0.86,1.03,2.78,0.1
812,Ryan Gravenberch,NED,MID,6.1,0.1,0.91,0.99,0.87,2.77,0.9
1582,Zeki Amdouni,SUI,FWD,4.9,0.04,1.08,0.75,0.93,2.76,0.1
845,Patrick Berg,NOR,MID,5.6,0.1,0.97,0.95,0.84,2.76,0.1
720,Lee Tae-Seok,KOR,DEF,3.7,0.25,0.77,0.95,1.03,2.75,0
62,Milos Degenek,AUS,DEF,3.8,0.25,0.73,1.0,1.0,2.74,0
1224,Manuel Ugarte,URU,MID,5.9,0.1,0.94,0.95,0.85,2.74,0.2
934,Rúben Neves,POR,MID,5.9,0.04,0.93,0.93,0.88,2.74,0.3
2044,Crysencio Summerville,NED,MID,5.3,0.04,0.88,1.01,0.82,2.71,0.5
336,Petar Musa,CRO,FWD,5.1,0.04,0.78,0.89,1.03,2.7,0.1
391,Vladimír Darida,CZE,MID,5.3,0.1,0.89,0.87,0.91,2.67,0
1527,Diego Moreira,BEL,MID,4.7,0.04,0.81,0.94,0.92,2.67,0.1
1556,Gédéon Kalulu,COD,DEF,3.9,0.25,0.69,0.76,1.21,2.66,0
488,Declan Rice,ENG,MID,7,0.1,0.86,0.92,0.87,2.65,7
50,Rodrigo De Paul,ARG,MID,5.9,0.04,0.93,0.77,0.94,2.64,0.9
110,Paul Wanner,AUT,MID,5.6,0.1,0.92,0.8,0.91,2.63,0
268,Jaminton Campaz,COL,MID,5.5,0.1,0.9,0.89,0.84,2.62,0
818,Callum McCowatt,NZL,MID,4.7,0.1,0.95,0.84,0.83,2.62,0
1589,Can Uzun,TUR,MID,5.3,0.1,0.88,0.8,0.91,2.59,0.1
808,Wout Weghorst,NED,FWD,5.5,0.04,0.84,0.98,0.76,2.58,0.3
759,Érik Lira,MEX,MID,5.6,0.1,0.86,0.88,0.83,2.56,0.1
540,Leon Goretzka,GER,MID,6.1,0.1,0.87,0.87,0.82,2.56,0.4
1058,Teboho Mokoena,RSA,MID,4.3,0.1,0.87,0.82,0.86,2.55,0.2
570,Leverton Pierre,HAI,MID,4.2,0.1,0.87,0.83,0.85,2.55,0
1008,Kenny McLean,SCO,MID,4.8,0.1,0.88,0.84,0.82,2.54,0.1
1101,Joan García,ESP,GK,4,0.1,0.85,0.88,0.82,2.54,1.2
129,Charles De Ketelaere,BEL,MID,5.6,0.04,0.77,0.89,0.87,2.54,1.1
343,Nikola Moro,CRO,MID,5.6,0.1,0.8,0.84,0.9,2.54,0
1997,Mikel Merino,ESP,MID,6.2,0.04,0.91,0.87,0.76,2.54,0.6
890,Matías Galarza,PAR,MID,4.8,0.1,0.86,0.82,0.85,2.52,0
247,Richard Ríos,COL,MID,4.7,0.04,0.86,0.86,0.8,2.52,0.6
1967,Stephen Eustaquio,CAN,MID,5,0.1,0.78,0.97,0.76,2.51,0.8
298,Christ Inao Oulaï,CIV,MID,4.6,0.1,0.83,0.84,0.85,2.51,0.1
188,Casemiro,BRA,MID,6.3,0.04,0.81,0.86,0.84,2.51,2.1
844,Morten Thorsby,NOR,MID,5.6,0.04,0.88,0.88,0.74,2.5,0
1030,Pape Matar Sarr,SEN,MID,5.6,0.1,0.8,0.8,0.89,2.49,0.4
865,Carlos Harvey,PAN,MID,4.9,0.1,0.9,0.82,0.77,2.49,0
80,Connor Metcalfe,AUS,MID,5.3,0.1,0.82,0.85,0.81,2.48,0
1300,Umar Eshmurodov,UZB,DEF,3.5,0.25,0.73,0.66,1.09,2.48,0.1
514,Maghnes Akliouche,FRA,MID,6.4,0.04,0.85,0.86,0.77,2.47,0
681,Ao Tanaka,JPN,MID,5,0.1,0.8,0.81,0.86,2.47,1.2
733,Jens Castrop,KOR,MID,5.6,0.1,0.8,0.84,0.82,2.47,0
190,Lucas Paquetá,BRA,MID,6.5,0.1,0.81,0.83,0.82,2.46,0.5
425,Gonzalo Valle,ECU,GK,3.6,0.1,0.86,0.81,0.78,2.45,0.1
2032,Miles Robinson,USA,DEF,4,0.25,0.9,0.95,0.59,2.44,0.4
1209,Yunus Akgün,TUR,FWD,4.9,0.04,0.85,0.7,0.9,2.44,0.1
434,Hamdi Fathy,EGY,MID,4.4,0.1,0.77,0.82,0.84,2.44,0.1
1155,Marvin Keller,SUI,GK,3.7,0.1,0.84,0.79,0.81,2.44,0.2
2019,Neil El Aynaoui,MAR,MID,5.6,0.1,0.79,0.82,0.83,2.44,0.1
858,Jørgen Strand Larsen,NOR,FWD,5.6,0.04,0.86,0.86,0.72,2.44,0.2
1160,Ellyes Skhiri,TUN,MID,4.7,0.1,0.85,0.81,0.78,2.43,0
479,James Trafford,ENG,GK,4,0.1,0.77,0.84,0.82,2.43,0.5
149,Haris Tabakovic,BIH,FWD,5.1,0.04,0.83,0.62,0.97,2.43,0.1
150,Esmir Bajraktarevic,BIH,FWD,4.7,0.04,0.83,0.62,0.97,2.43,0.2
151,Samed Bazdar,BIH,FWD,4.5,0.04,0.83,0.62,0.97,2.43,0
152,Kerim Alajbegovic,BIH,FWD,4.2,0.04,0.83,0.62,0.97,2.43,0.3
928,Francisco Conceição,POR,MID,5.7,0.04,0.82,0.82,0.78,2.42,0.2
1122,Gustaf Lagerbielke,SWE,DEF,3.7,0.25,0.97,0.54,0.91,2.41,0.2
1561,Roozbeh Cheshmi,IRN,MID,4.8,0.1,0.84,0.78,0.79,2.41,0
985,Hassan Kadish,KSA,DEF,3.7,0.25,0.89,0.46,1.05,2.4,0
726,Oh Hyeon-Gyu,KOR,FWD,4.9,0.04,0.77,0.84,0.79,2.4,0.1
23,Ramiz Zerrouki,ALG,MID,5.3,0.1,0.77,0.86,0.77,2.4,0
1188,Ismail Yüksek,TUR,MID,4.6,0.04,0.81,0.75,0.83,2.39,0.1
1246,Santiago Mele,URU,GK,3.5,0.1,0.86,0.82,0.71,2.39,0.2
414,John Yeboah,ECU,MID,5.1,0.1,0.8,0.8,0.79,2.39,0.1
1038,Abdoulaye Seck,SEN,DEF,3.8,0.25,0.72,0.43,1.24,2.39,0
910,Orlando Gill,PAR,GK,3.5,0.1,0.8,0.75,0.82,2.38,0.4
1138,Remo Freuler,SUI,MID,5.9,0.04,0.87,0.7,0.8,2.38,0
205,Diney,CPV,DEF,3.5,0.25,0.36,0.82,1.2,2.38,0.1
2039,Mats Wieffer,NED,MID,4.8,0.04,0.78,0.85,0.74,2.38,0.1
1111,Taha Ali,SWE,MID,4.9,0.1,0.79,0.78,0.81,2.37,0.2
534,Oliver Baumann,GER,GK,4.3,0.1,0.75,0.81,0.81,2.37,0.3
1681,Sander Tangvik,NOR,GK,3.5,0.1,0.85,0.78,0.74,2.37,0.9
54,Exequiel Palacios,ARG,MID,6,0.1,0.8,0.76,0.81,2.37,0.2
1523,Mike Penders,BEL,GK,3.5,0.1,0.81,0.8,0.75,2.36,0.7
1256,Giovanni Reyna,USA,MID,5.5,0.1,0.76,0.81,0.79,2.36,0.2
603,Saleh Hardani,IRN,DEF,3.7,0.25,0.78,0.56,1.01,2.35,0
370,Tyrick Bodak,CUW,GK,3.5,0.1,0.73,0.82,0.81,2.35,0.2
1081,Yéremy Pino,ESP,MID,5.9,0.04,0.83,0.8,0.73,2.35,0.1
41,Giuliano Simeone,ARG,MID,5.6,0.04,0.82,0.7,0.83,2.35,0.8
292,Ngal'ayel Mukau,COD,MID,4.9,0.1,0.77,0.77,0.81,2.34,0
1428,Robin Risser,FRA,GK,3.5,0.1,0.79,0.85,0.7,2.34,0.3
101,Florian Wiegele,AUT,GK,3.5,0.1,0.82,0.73,0.79,2.34,0.4
943,Ayoub Al Oui,QAT,MID,4.4,0.1,0.74,0.84,0.76,2.34,0
2036,Robin Roefs,NED,GK,4.6,0.1,0.78,0.77,0.79,2.34,0.4
927,Gonçalo Guedes,POR,FWD,5.8,0.04,0.79,0.79,0.75,2.34,0.1
196,Yannick Semedo,CPV,MID,4.7,0.1,0.73,0.76,0.83,2.33,0
1583,Cedric Itten,SUI,FWD,5.4,0.04,0.91,0.64,0.79,2.33,0
318,Mohamed Koné,CIV,GK,3.7,0.1,0.82,0.74,0.76,2.33,0.1
1970,Promise David,CAN,FWD,5.4,0.04,0.69,0.97,0.66,2.32,0.1
111,Xaver Schlager,AUT,MID,5.5,0.04,0.81,0.7,0.8,2.31,0
1249,Cristian Roldan,USA,MID,4.7,0.04,0.72,0.81,0.78,2.31,0.1
155,Martin Zlomislic,BIH,GK,3.5,0.1,0.78,0.72,0.82,2.31,0.3
47,Juan Musso,ARG,GK,4.3,0.1,0.78,0.72,0.8,2.31,0.1
474,Anthony Gordon,ENG,MID,7,0.04,0.74,0.82,0.74,2.3,0.9
1288,Odiljon Hamrobekov,UZB,MID,5.3,0.1,0.76,0.75,0.79,2.3,0
156,Amar Memic,BIH,MID,4.7,0.04,0.78,0.65,0.86,2.3,0.1
1342,Ermin Mahmic,BIH,MID,4.2,0.04,0.78,0.65,0.86,2.3,0.1
1137,Michel Aebischer,SUI,MID,5.9,0.04,0.84,0.69,0.77,2.3,0
932,José Sá,POR,GK,4.7,0.1,0.78,0.8,0.7,2.28,0.5
1187,Sabri Ben Hessen,TUN,GK,3.5,0.1,0.78,0.79,0.72,2.28,0.1
630,Zaid Ismael,IRQ,MID,4.4,0.1,0.74,0.74,0.8,2.28,0
264,Álvaro Montero,COL,GK,3.8,0.1,0.81,0.78,0.69,2.28,0.1
1343,Weverton,BRA,GK,4.5,0.1,0.78,0.75,0.75,2.28,0.1
515,Aurélien Tchouaméni,FRA,MID,6.5,0.1,0.77,0.78,0.72,2.28,0.9
2066,Jaouen Hadjam,ALG,DEF,3.8,0.25,0.61,1.07,0.6,2.28,0
453,Mostafa Shobeir,EGY,GK,3.5,0.1,0.72,0.75,0.8,2.27,1.5
1213,Mert Günok,TUR,GK,4,0.1,0.76,0.76,0.74,2.27,0.2
388,Lukás Hornícek,CZE,GK,3.8,0.1,0.76,0.76,0.74,2.26,0.1
915,Samú Costa,POR,MID,5.6,0.04,0.76,0.77,0.73,2.25,0
339,Ivor Pandur,CRO,GK,3.9,0.1,0.71,0.76,0.78,2.25,0.1
324,Petar Sucic,CRO,MID,4.2,0.04,0.7,0.74,0.8,2.24,0.8
926,Trincão,POR,FWD,5.9,0.04,0.75,0.76,0.72,2.23,0.1
510,Adrien Rabiot,FRA,MID,6.4,0.04,0.76,0.77,0.7,2.23,0.3
727,Yang Hyun-Jun,KOR,FWD,4.7,0.04,0.71,0.78,0.73,2.22,0
2041,Marten de Roon,NED,MID,5.1,0.04,0.73,0.78,0.71,2.22,0.1
972,Musab Al Juwayr,KSA,MID,4.1,0.04,0.72,0.7,0.79,2.21,0.4
886,César Samudio,PAN,GK,3.6,0.1,0.79,0.71,0.71,2.21,0
1966,Alfie Jones,CAN,DEF,3.8,0.25,0.67,1.1,0.44,2.21,0
841,Sander Berge,NOR,MID,4.7,0.04,0.77,0.76,0.68,2.2,0.3
843,Oscar Bobb,NOR,MID,5.1,0.04,0.77,0.76,0.68,2.2,0.8
1682,Thelo Aasgaard,NOR,MID,5.5,0.04,0.77,0.76,0.68,2.2,0.1
1714,Sondre Langås,NOR,DEF,4,0.04,0.8,0.76,0.64,2.19,0.3
679,Tomoki Hayakawa,JPN,GK,3.8,0.1,0.68,0.77,0.74,2.19,0.1
2009,Ahmed Tagnaouti,MAR,GK,3.5,0.1,0.73,0.73,0.73,2.19,1.2
341,Luka Sucic,CRO,MID,4.9,0.04,0.66,0.72,0.8,2.18,0.1
230,Tani Oluwaseyi,CAN,FWD,4.9,0.04,0.66,0.89,0.63,2.18,0.1
265,Jefferson Lerma,COL,MID,4.9,0.04,0.74,0.73,0.7,2.18,0.2
1698,Sipho Chaine,RSA,GK,3.7,0.1,0.73,0.7,0.75,2.17,0
1576,Craig Gordon,SCO,GK,3.5,0.1,0.71,0.75,0.71,2.17,2.8
105,Florian Grillitsch,AUT,MID,5.5,0.04,0.75,0.66,0.75,2.17,0
2068,Derrick Luckassen,GHA,DEF,3.7,0.25,0.91,0.61,0.65,2.16,0
135,Nicolas Raskin,BEL,MID,5.3,0.04,0.68,0.74,0.73,2.15,0.1
1524,Hans Vanaken,BEL,MID,5.5,0.04,0.68,0.74,0.73,2.15,0.1
373,Denis Visinsky,CZE,MID,4.9,0.04,0.72,0.7,0.73,2.15,0
1411,Alexandr Sojka,CZE,MID,4.5,0.04,0.72,0.7,0.73,2.15,0
1413,David Doudera,CZE,MID,5.1,0.04,0.72,0.7,0.73,2.15,0
1417,Hugo Sochurek,CZE,MID,4.3,0.04,0.72,0.7,0.73,2.15,0.1
765,Samir El Mourabet,MAR,MID,4.7,0.04,0.7,0.72,0.73,2.15,0
1082,Álex Baena,ESP,MID,6,0.04,0.76,0.73,0.65,2.15,0.2
980,Abdullah Al Khaibari,KSA,MID,5.1,0.1,0.71,0.69,0.74,2.14,0
833,Ben Waine,NZL,FWD,4.2,0.04,0.8,0.67,0.67,2.14,0
834,Ben Old,NZL,FWD,4.2,0.04,0.8,0.67,0.67,2.14,0
835,Jesse Randall,NZL,FWD,4,0.04,0.8,0.67,0.67,2.14,0.1
398,Denil Castillo,ECU,MID,4.9,0.04,0.71,0.72,0.71,2.14,0
840,Michael Woud,NZL,GK,3.7,0.1,0.74,0.75,0.65,2.14,0
680,Yuito Suzuki,JPN,MID,5,0.04,0.69,0.68,0.77,2.14,0.9
1568,Ahmed Qasem,IRQ,MID,4.4,0.04,0.7,0.69,0.75,2.14,0
76,Patrick Beach,AUS,GK,3.5,0.1,0.67,0.72,0.74,2.14,1
291,Timothy Fayulu,COD,GK,3.6,0.1,0.67,0.68,0.79,2.13,0
383,Tomás Chory,CZE,FWD,5.3,0.04,0.71,0.68,0.73,2.13,0
384,Mojmír Chytil,CZE,FWD,4.9,0.04,0.71,0.68,0.73,2.13,0.1
731,Song Bum-Keun,KOR,GK,3.9,0.1,0.68,0.71,0.74,2.13,0.1
2073,Éderson,BRA,MID,6.3,0.04,0.7,0.72,0.71,2.12,0.1
832,Elijah Just,NZL,MID,4.2,0.04,0.76,0.68,0.68,2.12,0.1
836,Lachlan Bayliss,NZL,MID,4,0.04,0.76,0.68,0.68,2.12,1.6
593,Josué Duverger,HAI,GK,3.5,0.1,0.69,0.69,0.73,2.12,0.1
2072,Assan Ouédraogo,GER,MID,4.5,0.04,0.73,0.72,0.67,2.12,0.1
806,Noa Lang,NED,FWD,5.9,0.04,0.69,0.79,0.64,2.12,0.1
807,Brian Brobbey,NED,FWD,5.7,0.04,0.69,0.79,0.64,2.12,0.3
1545,Anas Badawi,JOR,DEF,3.5,0.25,0.59,0.93,0.59,2.12,0.1
757,Raúl Rangel,MEX,GK,3.9,0.1,0.73,0.72,0.67,2.11,4.7
246,Kevin Castaño,COL,MID,4.3,0.04,0.72,0.71,0.68,2.11,0.2
266,Gustavo Puerta,COL,MID,5.3,0.04,0.72,0.71,0.68,2.11,0
1385,Juan Portilla,COL,MID,4.7,0.04,0.72,0.71,0.68,2.11,0
102,Carney Chukwuemeka,AUT,MID,5,0.04,0.73,0.65,0.73,2.11,0.9
104,Alessandro Schöpf,AUT,MID,5.3,0.04,0.73,0.65,0.73,2.11,0
1985,Kwasi Sibo,GHA,MID,4.7,0.1,0.71,0.69,0.71,2.11,0
42,Nico González,ARG,MID,5.6,0.04,0.72,0.67,0.72,2.11,0.1
261,Andrés Gómez,COL,FWD,4.9,0.04,0.72,0.71,0.68,2.11,0.2
1001,Mohammed Al Owais,KSA,GK,3.5,0.1,0.72,0.63,0.75,2.1,0.3
1314,Botirali Ergashev,UZB,GK,3.5,0.1,0.68,0.66,0.76,2.1,0.2
1273,Chris Brady,USA,GK,3.5,0.1,0.72,0.73,0.65,2.1,0.9
538,Pascal Groß,GER,MID,5.6,0.04,0.71,0.7,0.68,2.09,0.2
738,Obed Vargas,MEX,MID,4.7,0.04,0.7,0.71,0.68,2.09,0.2
216,Márcio da Rosa,CPV,GK,3.5,0.1,0.61,0.7,0.78,2.09,0.2
1053,Mory Diaw,SEN,GK,3.8,0.1,0.68,0.62,0.79,2.09,0
1139,Ardon Jashari,SUI,MID,5.2,0.04,0.74,0.65,0.7,2.09,0
1189,Salih Özcan,TUR,MID,4.7,0.04,0.71,0.65,0.73,2.09,0.1
1210,Deniz Gül,TUR,FWD,4.4,0.04,0.72,0.61,0.76,2.09,0.1
758,Brian Gutiérrez,MEX,MID,5,0.04,0.69,0.71,0.68,2.08,1.3
1476,Gilberto Mora,MEX,MID,4.5,0.04,0.69,0.71,0.68,2.08,0.8
1478,Luis Romo,MEX,MID,5.5,0.04,0.69,0.71,0.68,2.08,0
1097,Víctor Muñoz,ESP,FWD,4,0.04,0.74,0.71,0.64,2.08,0.7
229,Liam Millar,CAN,FWD,5.1,0.04,0.63,0.84,0.61,2.08,0.1
344,Kristijan Jakic,CRO,MID,5.6,0.04,0.65,0.69,0.74,2.07,0
519,Angelo Stiller,GER,MID,5.8,0.04,0.7,0.7,0.68,2.07,0.2
1057,Jayden Adams,RSA,MID,4,0.04,0.7,0.67,0.69,2.07,4.2
1059,Themba Zwane,RSA,MID,4.3,0.04,0.7,0.67,0.69,2.07,0.1
751,Alexis Vega,MEX,FWD,5.3,0.04,0.68,0.71,0.67,2.06,0.1
752,Roberto Alvarado,MEX,FWD,5.3,0.04,0.68,0.71,0.67,2.06,0.1
753,Guillermo Martínez,MEX,FWD,4.7,0.04,0.68,0.71,0.67,2.06,0.2
754,Armando González,MEX,FWD,4.4,0.04,0.68,0.71,0.67,2.06,0.2
512,Manu Koné,FRA,MID,6.1,0.04,0.7,0.71,0.66,2.06,0.1
2060,Tyler Fletcher,SCO,MID,4.7,0.04,0.71,0.68,0.67,2.06,0.1
485,Kobbie Mainoo,ENG,MID,6.1,0.04,0.67,0.71,0.68,2.06,0.5
622,Hossein Hosseini,IRN,GK,3.8,0.1,0.68,0.64,0.74,2.06,0
1075,Evidence Makgopa,RSA,FWD,4.5,0.04,0.71,0.65,0.69,2.05,0
1076,Thapelo Maseko,RSA,FWD,4.2,0.04,0.71,0.65,0.69,2.05,0
1564,Mustafa Saadoon,IRQ,DEF,3.6,0.25,0.41,0.71,0.93,2.05,0
1515,Jacob Widell Zetterström,SWE,GK,3.7,0.1,0.72,0.63,0.7,2.05,0.1
238,Ali Ahmed,CAN,MID,4.9,0.04,0.65,0.78,0.63,2.05,0.1
240,Niko Sigur,CAN,MID,4.9,0.04,0.65,0.78,0.63,2.05,0
585,Derrick Etienne,HAI,FWD,4.4,0.04,0.71,0.66,0.68,2.05,0
586,Louicius Deedson,HAI,FWD,4.2,0.04,0.71,0.66,0.68,2.05,0
588,Yassin Fortuné,HAI,FWD,4.2,0.04,0.71,0.66,0.68,2.05,0
589,Josué Casimir,HAI,FWD,4.2,0.04,0.71,0.66,0.68,2.05,0
590,Ruben Providence,HAI,FWD,4,0.04,0.71,0.66,0.68,2.05,0.1
1540,Lenny Joseph,HAI,FWD,4.2,0.04,0.71,0.66,0.68,2.05,0
287,Nathanaël Mbuku,COD,FWD,4.5,0.04,0.67,0.67,0.7,2.05,0
1602,Aleksandar Pavlovic,GER,MID,5.5,0.04,0.69,0.69,0.66,2.04,0.6
119,Axel Witsel,BEL,MID,5,0.04,0.64,0.71,0.69,2.04,1.1
186,Fabinho,BRA,MID,5.2,0.04,0.67,0.69,0.68,2.04,0.3
1218,Juan Manuel Sanabria,URU,MID,4.5,0.04,0.69,0.7,0.65,2.04,0.1
19,Melvin Mastil,ALG,GK,3.5,0.1,0.65,0.74,0.65,2.04,2.1
48,Leandro Paredes,ARG,MID,5.6,0.04,0.7,0.64,0.7,2.04,0.2
51,Nico Paz,ARG,MID,5.9,0.04,0.7,0.64,0.7,2.04,1.3
1021,George Hirst,SCO,FWD,4.6,0.04,0.72,0.67,0.64,2.04,0.1
1022,Lyndon Dykes,SCO,FWD,4.6,0.04,0.72,0.67,0.64,2.04,0.1
1023,Findlay Curtis,SCO,FWD,4,0.04,0.72,0.67,0.64,2.04,0.4
1956,Alaa Al Hejji,KSA,MID,5,0.04,0.67,0.65,0.72,2.03,0.6
888,Maurício Magalhães Prado,PAR,MID,4.6,0.04,0.69,0.66,0.68,2.03,0
889,Alejandro Romero,PAR,MID,4.7,0.04,0.69,0.66,0.68,2.03,0.1
1616,Andrés Cubas,PAR,MID,4.7,0.04,0.69,0.66,0.68,2.03,0
511,Warren Zaïre-Emery,FRA,MID,6.1,0.04,0.69,0.69,0.65,2.03,0.3
1201,Merih Demiral,TUR,DEF,4,0.04,0.7,0.62,0.71,2.03,0.7
1972,Joseph Anang,GHA,GK,3.6,0.1,0.71,0.66,0.66,2.03,0.1
284,Meschack Elia,COD,FWD,4.9,0.04,0.67,0.67,0.69,2.03,0.1
935,Matheus Nunes,POR,MID,6.1,0.04,0.68,0.68,0.66,2.02,0.2
1999,Gavi,ESP,MID,6.5,0.04,0.7,0.68,0.63,2.02,0.9
707,Ali Azaizeh,JOR,FWD,4,0.04,0.64,0.74,0.63,2.01,0
654,Fahad Talib,IRQ,GK,3.7,0.1,0.62,0.68,0.72,2.01,0
1047,Cherif Ndiaye,SEN,FWD,4.9,0.04,0.64,0.65,0.72,2.01,0.1
1084,Martín Zubimendi,ESP,MID,6.1,0.04,0.69,0.68,0.64,2.01,0.4
713,Park Jin-Seob,KOR,MID,4.9,0.04,0.66,0.69,0.67,2.01,0
714,Kim Jin-Gyu,KOR,MID,4.9,0.04,0.66,0.69,0.67,2.01,0
1550,Lee Dong-Gyeong,KOR,MID,4.9,0.04,0.66,0.69,0.67,2.01,0
237,Owen Goodman,CAN,GK,3.5,0.1,0.66,0.72,0.62,2.01,0.6
1199,Eren Elmali,TUR,DEF,4,0.04,0.69,0.61,0.7,2.01,0.3
1541,Nour Bani Ateyah,JOR,GK,3.6,0.1,0.65,0.71,0.65,2.01,0
1222,Facundo Pellistri,URU,MID,5.2,0.04,0.69,0.7,0.62,2.01,0.1
1225,Nicolás de la Cruz,URU,MID,5.9,0.04,0.69,0.7,0.62,2.01,0.1
342,Toni Fruk,CRO,MID,4.9,0.04,0.63,0.66,0.71,2.0,0
187,Danilo,BRA,MID,5.6,0.04,0.66,0.67,0.66,1.99,0.2
1269,Max Arfsten,USA,FWD,4.4,0.04,0.61,0.7,0.68,1.99,0
1198,Ozan Kabak,TUR,DEF,4,0.04,0.69,0.61,0.7,1.99,0.3
123,Nathan Ngoy,BEL,DEF,3.7,0.04,0.63,0.7,0.66,1.99,0.4
432,Marwan Attia,EGY,MID,4.3,0.04,0.63,0.67,0.68,1.98,0.1
433,Zizo,EGY,MID,4.3,0.04,0.63,0.67,0.68,1.98,0.3
1593,Nabil Emad Dunga,EGY,MID,4.3,0.04,0.63,0.67,0.68,1.98,0
1594,Mostafa Zico,EGY,MID,4.2,0.04,0.63,0.67,0.68,1.98,0.3
1161,Rani Khedira,TUN,MID,4.7,0.04,0.69,0.65,0.64,1.98,0
1996,Marc Pubill,ESP,DEF,4.2,0.04,0.68,0.68,0.61,1.98,0.1
594,Amir Mohammad Razzaghinia,IRN,MID,4.2,0.04,0.68,0.64,0.65,1.97,0.1
486,Elliot Anderson,ENG,MID,6.5,0.04,0.64,0.68,0.65,1.97,0.9
77,Paul Okon,AUS,MID,4.7,0.04,0.65,0.68,0.63,1.97,0
2003,Cameron Devlin,AUS,MID,4.7,0.04,0.65,0.68,0.63,1.97,0
2005,Mathew Leckie,AUS,MID,4.7,0.04,0.65,0.68,0.63,1.97,0
21,Adil Boulbina,ALG,MID,4,0.04,0.63,0.7,0.64,1.97,2.4
22,Yacine Titraoui,ALG,MID,4.7,0.04,0.63,0.7,0.64,1.97,0
1604,Maximilian Beier,GER,FWD,6.5,0.04,0.68,0.66,0.62,1.96,0.1
509,N'Golo Kanté,FRA,MID,5.1,0.04,0.66,0.67,0.63,1.96,1
882,César Yanis,PAN,FWD,4.4,0.04,0.72,0.65,0.59,1.96,0
2028,Alberto Quintero,PAN,FWD,4.2,0.04,0.72,0.65,0.59,1.96,0
2029,Azarías Londoño,PAN,FWD,4.4,0.04,0.72,0.65,0.59,1.96,0
2030,Tomás Rodríguez,PAN,FWD,4.5,0.04,0.72,0.65,0.59,1.96,0
1601,Felix Nmecha,GER,MID,5.6,0.04,0.66,0.66,0.64,1.96,0.1
1557,Gaël Kakuta,COD,MID,4.6,0.04,0.64,0.65,0.67,1.95,0
1591,Aaron Tshibola,COD,MID,4.9,0.04,0.64,0.65,0.67,1.95,0
904,Álex Arce,PAR,FWD,4.9,0.04,0.67,0.63,0.65,1.95,0.1
905,Gabriel Ávalos,PAR,FWD,4.9,0.04,0.67,0.63,0.65,1.95,0.1
907,Alexandro Maidana,PAR,FWD,4,0.04,0.67,0.63,0.65,1.95,0.1
1112,Eric Smith,SWE,MID,4.9,0.04,0.64,0.64,0.66,1.95,0
1109,Besfort Zeneli,SWE,MID,4.7,0.04,0.64,0.64,0.66,1.95,0
1110,Elliot Stroud,SWE,MID,4.7,0.04,0.64,0.64,0.66,1.95,0
43,José Manuel López,ARG,FWD,5.3,0.04,0.68,0.59,0.68,1.94,0.1
1250,Sebastian Berhalter,USA,MID,4.7,0.04,0.62,0.66,0.65,1.93,0.1
2033,Tyler Adams,USA,MID,5.3,0.04,0.62,0.66,0.65,1.93,0.3
2035,Álex Zendejas,USA,MID,5.5,0.04,0.62,0.66,0.65,1.93,0
942,Mohammad Al Mannai,QAT,MID,4.2,0.04,0.61,0.69,0.63,1.93,0.1
399,Jordy Alcívar,ECU,MID,4.9,0.04,0.64,0.64,0.64,1.93,0
420,Anthony Valencia,ECU,MID,4.2,0.04,0.64,0.64,0.64,1.93,0.5
1674,Ayyoub Bouaddi,MAR,MID,5.5,0.04,0.63,0.64,0.65,1.93,0.1
1029,Idrissa Gueye,SEN,MID,4.9,0.04,0.62,0.63,0.67,1.92,0.3
1695,Bara Sapoko Ndiaye,SEN,MID,4.5,0.04,0.62,0.63,0.67,1.92,0.1
1031,Pathé Ciss,SEN,MID,5.6,0.04,0.62,0.62,0.67,1.92,0
209,Nuno da Costa,CPV,FWD,4.7,0.04,0.6,0.62,0.7,1.92,0
670,Daizen Maeda,JPN,MID,5,0.04,0.62,0.63,0.67,1.92,1.1
1676,Ayoube Amaimouni-Echghouyab,MAR,FWD,4.3,0.04,0.6,0.64,0.66,1.91,0
2025,Chemsdine Talbi,MAR,FWD,4.4,0.04,0.6,0.64,0.66,1.91,0.1
195,João Paulo,CPV,MID,4.6,0.04,0.61,0.63,0.67,1.91,0.1
198,Kevin Pina,CPV,MID,4.7,0.04,0.61,0.63,0.67,1.91,0
1530,Jamiro Monteiro,CPV,MID,4.6,0.04,0.61,0.63,0.67,1.91,0
365,Jearl Margaritha,CUW,FWD,4.2,0.04,0.67,0.6,0.65,1.91,0
366,Gervane Kastaneer,CUW,FWD,4,0.04,0.67,0.6,0.65,1.91,0.4
367,Jeremy Antonisse,CUW,FWD,4,0.04,0.67,0.6,0.65,1.91,0.1
1560,Jürgen Locadia,CUW,FWD,4.1,0.04,0.67,0.6,0.65,1.91,0.1
380,Vladimír Coufal,CZE,DEF,3.6,0.04,0.64,0.63,0.64,1.91,3.2
1239,Rodrigo Aguirre,URU,FWD,5.6,0.04,0.66,0.69,0.56,1.91,0
1241,Agustín Canobbio,URU,FWD,5.3,0.04,0.66,0.69,0.56,1.91,0
309,Elye Wahi,CIV,FWD,5.9,0.04,0.61,0.65,0.65,1.91,0
2007,Tete Yengi,AUS,FWD,4.3,0.04,0.63,0.68,0.58,1.89,0
1275,Abdulla Abdullaev,UZB,MID,4.2,0.04,0.63,0.62,0.64,1.89,0.1
1278,Sherzod Esanov,UZB,MID,4.7,0.04,0.63,0.62,0.64,1.89,0
1282,Akmal Mozgovoy,UZB,MID,4.7,0.04,0.63,0.62,0.64,1.89,0
1284,Otabek Shukurov,UZB,MID,5,0.04,0.63,0.62,0.64,1.89,0.7
1286,Dostonbek Khamdamov,UZB,MID,5.1,0.04,0.63,0.62,0.64,1.89,0
659,Kaishu Sano,JPN,MID,4.9,0.04,0.62,0.62,0.65,1.89,0.1
614,Ali Alipour,IRN,FWD,4.6,0.04,0.68,0.61,0.6,1.89,0
615,Dennis Dargahi,IRN,FWD,4.6,0.04,0.68,0.61,0.6,1.89,0
616,Amirhossein Hosseinzadeh,IRN,FWD,4.5,0.04,0.68,0.61,0.6,1.89,0
2069,Shahriyar Moghanlou,IRN,FWD,4.7,0.04,0.68,0.61,0.6,1.89,0
1994,Kamaldeen Sulemana,GHA,FWD,5.1,0.04,0.64,0.6,0.64,1.89,0
951,Lucas Mendes,QAT,DEF,3.8,0.93,-0.37,1.58,0.68,1.89,0
1986,Jordan Ayew,GHA,FWD,5.3,0.04,0.64,0.61,0.64,1.89,0.1
1177,Sebastian Tounekti,TUN,FWD,4.4,0.04,0.68,0.61,0.59,1.88,0
1178,Hazem Mastouri,TUN,FWD,4.2,0.04,0.68,0.61,0.59,1.88,0.1
1181,Rayan Elloumi,TUN,FWD,4,0.04,0.68,0.61,0.59,1.88,0.1
1183,Khalil Ayari,TUN,FWD,4,0.04,0.68,0.61,0.59,1.88,0.3
13,Anis Hadj Moussa,ALG,FWD,5.3,0.04,0.59,0.7,0.6,1.88,0.1
14,Farès Ghedjemis,ALG,FWD,4.4,0.04,0.59,0.7,0.6,1.88,0
15,Ahmed Benbouali,ALG,FWD,4.2,0.04,0.59,0.7,0.6,1.88,0
1596,Hamza Abdelkarim,EGY,FWD,4.3,0.04,0.58,0.65,0.65,1.88,0.1
997,Sultan Mandash,KSA,FWD,4.5,0.04,0.61,0.59,0.68,1.88,0
181,Endrick,BRA,FWD,5.5,0.04,0.61,0.65,0.63,1.88,2.7
335,Marco Pasalic,CRO,FWD,5.3,0.04,0.58,0.62,0.68,1.88,0.1
1995,Eric García,ESP,DEF,4.5,0.04,0.64,0.65,0.59,1.88,1
631,Marko Farji,IRQ,MID,4.4,0.04,0.62,0.61,0.65,1.88,0
482,Jordan Henderson,ENG,MID,5.1,0.04,0.62,0.64,0.62,1.88,0.2
728,Eom Ji-Sung,KOR,FWD,4.6,0.04,0.61,0.64,0.62,1.87,0
1046,Assane Diao,SEN,FWD,4.9,0.04,0.6,0.61,0.66,1.87,0.1
337,Igor Matanovic,CRO,FWD,4.9,0.04,0.57,0.61,0.68,1.86,0.1
782,Gessime Yassine,MAR,FWD,4,0.04,0.6,0.62,0.64,1.86,0.2
1232,Santiago Bueno,URU,DEF,4.1,0.04,0.67,0.66,0.53,1.86,0.1
703,Mahmoud Al Mardi,JOR,FWD,4.2,0.04,0.59,0.68,0.58,1.86,0
708,Odeh Fakhoury,JOR,FWD,4,0.04,0.59,0.68,0.58,1.86,0
906,Gustavo Caballero,PAR,FWD,4.2,0.04,0.63,0.6,0.62,1.85,0
1708,Jarell Quansah,ENG,DEF,4.4,0.04,0.59,0.65,0.61,1.85,0.1
852,Torbjørn Heggem,NOR,DEF,3.7,0.04,0.66,0.63,0.56,1.85,0.2
854,Henrik Falchener,NOR,DEF,3.5,0.04,0.66,0.63,0.56,1.85,0.3
2062,Herman Johansson,SWE,MID,4.4,0.04,0.61,0.61,0.62,1.85,0.2
462,Dan Burn,ENG,DEF,4.5,0.04,0.59,0.65,0.61,1.84,0.4
311,Simon Adingra,CIV,FWD,5.6,0.04,0.59,0.63,0.62,1.84,0.1
960,Edmílson Junior,QAT,FWD,4.9,0.04,0.56,0.69,0.59,1.84,0.1
961,Hassan Al Haydos,QAT,FWD,4.6,0.04,0.56,0.69,0.59,1.84,0
962,Yusuf Abdurisag,QAT,FWD,4.4,0.04,0.56,0.69,0.59,1.84,0
963,Ahmed Al Ganehi,QAT,FWD,4.2,0.04,0.56,0.69,0.59,1.84,0
1511,Mohammed Muntari,QAT,FWD,5.3,0.04,0.56,0.69,0.59,1.84,0
1513,Tahsin Jamshid,QAT,FWD,4.5,0.04,0.56,0.69,0.59,1.84,0
476,Noni Madueke,ENG,FWD,6.1,0.04,0.6,0.64,0.6,1.84,0.3
285,Fiston Mayele,COD,FWD,4.9,0.04,0.6,0.61,0.63,1.84,0.1
288,Brian Cipenga,COD,FWD,4.2,0.04,0.6,0.61,0.63,1.84,0
971,Mahmud Abunada,QAT,GK,3.5,0.1,0.58,0.64,0.62,1.84,0.1
977,Ziyad Al Johani,KSA,MID,4.9,0.04,0.61,0.6,0.63,1.84,0
525,Nathaniel Brown,GER,DEF,4.7,0.04,0.6,0.63,0.61,1.84,0.6
922,Tomás Araújo,POR,DEF,4.1,0.04,0.63,0.64,0.56,1.83,0.1
179,Rayan,BRA,FWD,5.6,0.04,0.59,0.62,0.61,1.83,0.2
121,Brandon Mechele,BEL,DEF,3.9,0.04,0.6,0.63,0.59,1.82,0.1
122,Joaquin Seys,BEL,DEF,3.9,0.04,0.6,0.63,0.59,1.82,0.1
1126,Benjamin Nygren,SWE,FWD,4.9,0.04,0.59,0.6,0.62,1.82,0.1
1127,Gustaf Nilsson,SWE,FWD,4.9,0.04,0.59,0.6,0.62,1.82,0.1
1521,Alexander Bernhardsson,SWE,FWD,4.9,0.04,0.59,0.6,0.62,1.82,0.1
1148,Luca Jaquez,SUI,DEF,3.5,0.04,0.64,0.57,0.6,1.81,0.1
330,Luka Vuskovic,CRO,DEF,3.7,0.04,0.54,0.61,0.66,1.81,1.2
312,Evann Guessand,CIV,FWD,5.3,0.04,0.58,0.61,0.61,1.81,0.1
93,David Affengruber,AUT,DEF,3.9,0.04,0.63,0.55,0.62,1.8,0
2074,Lutsharel Geertruida,NED,DEF,4.3,0.04,0.59,0.62,0.59,1.8,0
1991,Christopher Bonsu Baah,GHA,FWD,4.5,0.04,0.61,0.57,0.61,1.8,0
91,Phillipp Mwene,AUT,DEF,3.9,0.04,0.63,0.55,0.62,1.79,0
94,Michael Svoboda,AUT,DEF,3.8,0.04,0.63,0.55,0.62,1.79,0
1147,Aurèle Amenda,SUI,DEF,3.7,0.04,0.63,0.56,0.59,1.79,0
1048,Bamba Dieng,SEN,FWD,4.9,0.04,0.57,0.58,0.64,1.78,0.1
1049,Ibrahim Mbaye,SEN,FWD,4.4,0.04,0.57,0.58,0.64,1.78,0.1
314,Bazoumana Touré,CIV,FWD,4.5,0.04,0.57,0.61,0.6,1.78,0.2
668,Junnosuke Suzuki,JPN,DEF,3.5,0.04,0.54,0.6,0.64,1.78,0.8
467,Djed Spence,ENG,DEF,4.5,0.04,0.57,0.62,0.59,1.78,0.4
900,José Canale,PAR,DEF,3.6,0.04,0.6,0.56,0.61,1.77,0
210,Garry Rodrigues,CPV,FWD,4.7,0.04,0.56,0.57,0.64,1.77,0
211,Willy Semedo,CPV,FWD,4.5,0.04,0.56,0.57,0.64,1.77,0
676,Kento Shiogai,JPN,FWD,4,0.04,0.57,0.56,0.63,1.77,0.2
381,Stepán Chaloupek,CZE,DEF,3.5,0.04,0.59,0.59,0.59,1.76,0.2
1231,Sebastián Cáceres,URU,DEF,4.2,0.04,0.63,0.62,0.51,1.76,0.1
416,Alan Minda,ECU,FWD,4.9,0.04,0.58,0.59,0.59,1.76,0.1
417,Jordy Caicedo,ECU,FWD,4.9,0.04,0.58,0.59,0.59,1.76,0.1
421,Jeremy Arévalo,ECU,FWD,4,0.04,0.58,0.59,0.59,1.76,0.3
407,Jackson Porozo,ECU,DEF,3.8,0.04,0.61,0.58,0.57,1.76,0.1
1989,Prince Adu,GHA,FWD,4,0.04,0.6,0.56,0.6,1.76,1.2
1993,Brandon Thomas-Asante,GHA,FWD,5.1,0.04,0.6,0.56,0.6,1.76,0
303,Guéla Doué,CIV,DEF,3.9,0.04,0.6,0.57,0.58,1.75,1.1
253,Santiago Arias,COL,DEF,3.9,0.04,0.62,0.6,0.53,1.75,0.1
1379,Willer Ditta,COL,DEF,3.7,0.04,0.62,0.6,0.53,1.75,0.1
498,Lucas Digne,FRA,DEF,5,0.04,0.6,0.63,0.52,1.75,1
355,Shurandy Sambo,CUW,DEF,3.6,0.04,0.55,0.59,0.6,1.74,0
356,Sherel Floranus,CUW,DEF,3.6,0.04,0.55,0.59,0.6,1.74,0
357,Roshon van Eijma,CUW,DEF,3.5,0.04,0.55,0.59,0.6,1.74,0.1
358,Ar'Jany Martha,CUW,DEF,3.5,0.04,0.55,0.59,0.6,1.74,0.1
359,Juriën Gaari,CUW,DEF,3.5,0.04,0.55,0.59,0.6,1.74,0
361,Tyrese Noslin,CUW,DEF,3.5,0.04,0.55,0.59,0.6,1.74,0
493,Maxence Lacroix,FRA,DEF,4.5,0.04,0.59,0.63,0.52,1.74,0.4
145,Nidal Celik,BIH,DEF,3.5,0.04,0.59,0.52,0.63,1.74,0.5
649,Ali Al Hamadi,IRQ,FWD,4.7,0.04,0.56,0.56,0.61,1.73,0
650,Youssef Amyn,IRQ,FWD,4.4,0.04,0.56,0.56,0.61,1.73,0
651,Ali Yousif,IRQ,FWD,4.2,0.04,0.56,0.56,0.61,1.73,0
144,Nihad Mujakic,BIH,DEF,3.6,0.04,0.58,0.52,0.63,1.73,0.1
454,Mohamed Alaa,EGY,GK,3.5,0.04,0.55,0.57,0.59,1.71,0.1
411,Yaimar Medina,ECU,DEF,3.5,0.04,0.59,0.56,0.55,1.7,0.5
168,Douglas Santos,BRA,DEF,4.3,0.04,0.57,0.56,0.56,1.69,0.4
170,Léo Pereira,BRA,DEF,4.2,0.04,0.57,0.56,0.56,1.69,0.1
304,Emmanuel Agbadou,CIV,DEF,3.9,0.04,0.58,0.55,0.56,1.69,0.1
527,Waldemar Anton,GER,DEF,3.9,0.04,0.54,0.58,0.57,1.69,0.2
1320,Facundo Medina,ARG,DEF,4,0.04,0.58,0.52,0.59,1.69,0.5
1170,Mohamed Amine Ben Hmida,TUN,DEF,3.6,0.04,0.59,0.57,0.53,1.69,0
1172,Raed Chikhaoui,TUN,DEF,3.5,0.04,0.59,0.57,0.53,1.69,0
1552,Dylan Bronn,TUN,DEF,3.6,0.04,0.59,0.57,0.53,1.69,0
442,Tarek Alaa,EGY,DEF,3.5,0.04,0.52,0.56,0.6,1.68,0.1
444,Yasser Ibrahim,EGY,DEF,3.5,0.04,0.52,0.56,0.6,1.68,0.4
495,Ibrahima Konaté,FRA,DEF,4.9,0.04,0.57,0.61,0.5,1.68,2
1219,Emiliano Martínez,URU,MID,4.7,0.04,0.57,0.58,0.53,1.67,0.1
67,Lucas Herrington,AUS,DEF,3.5,0.04,0.53,0.59,0.55,1.67,0.3
1068,Khulumani Ndamane,RSA,DEF,3.5,0.04,0.57,0.53,0.57,1.67,0
1069,Ime Okon,RSA,DEF,3.5,0.04,0.57,0.53,0.57,1.67,0
1070,Samukele Kabini,RSA,DEF,3.5,0.04,0.57,0.53,0.57,1.67,0
829,Callan Elliot,NZL,DEF,3.5,0.04,0.6,0.57,0.5,1.67,0.1
1491,Tommy Smith,NZL,DEF,3.6,0.04,0.6,0.57,0.5,1.67,0
874,Andrés Andrade,PAN,DEF,3.7,0.04,0.61,0.54,0.52,1.67,0
875,Roderick Miller,PAN,DEF,3.5,0.04,0.61,0.54,0.52,1.67,0.1
876,Jiovany Ramos,PAN,DEF,3.5,0.04,0.61,0.54,0.52,1.67,0.1
878,Jorge Gutiérrez,PAN,DEF,3.5,0.04,0.61,0.54,0.52,1.67,0
1013,John Souttar,SCO,DEF,3.8,0.04,0.56,0.57,0.54,1.67,0.1
1015,Anthony Ralston,SCO,DEF,3.8,0.04,0.56,0.57,0.54,1.67,0
1018,Grant Hanley,SCO,DEF,3.5,0.04,0.56,0.57,0.54,1.67,0.5
921,Renato Veiga,POR,DEF,4.3,0.04,0.57,0.58,0.51,1.66,0.1
1533,Oumar Diakité,CIV,FWD,5.3,0.04,0.53,0.56,0.56,1.66,0
1534,Ange-Yoan Bonny,CIV,FWD,4.9,0.04,0.53,0.56,0.56,1.66,0.1
1200,Abdülkerim Bardakci,TUR,DEF,4,0.04,0.56,0.54,0.55,1.65,0.4
1039,Antoine Mendy,SEN,DEF,3.7,0.04,0.53,0.48,0.64,1.65,0.2
773,Anass Salah-Eddine,MAR,DEF,3.9,0.04,0.54,0.55,0.56,1.64,0
1668,Youssef Belammari,MAR,DEF,3.6,0.04,0.54,0.55,0.56,1.64,0.1
2015,Redouane Halhal,MAR,DEF,3.5,0.04,0.54,0.55,0.56,1.64,2.9
580,Wilguens Paugain,HAI,DEF,3.5,0.04,0.55,0.53,0.56,1.64,0
1538,Keeto Thermoncy,HAI,DEF,3.5,0.04,0.55,0.53,0.56,1.64,0.1
995,Saleh Al Shehri,KSA,FWD,4.9,0.04,0.53,0.52,0.58,1.63,0.1
722,Kim Tae-Hyeon,KOR,DEF,3.6,0.04,0.51,0.55,0.55,1.61,0.1
2070,Cho Wi-Je,KOR,DEF,3.7,0.04,0.51,0.55,0.55,1.61,0
666,Shogo Taniguchi,JPN,DEF,3.9,0.04,0.49,0.55,0.55,1.6,0
1456,Yuto Nagatomo,JPN,DEF,3.7,0.04,0.49,0.55,0.55,1.6,0.1
1016,Dominic Hyam,SCO,DEF,3.6,0.04,0.53,0.55,0.52,1.6,0.1
63,Aziz Behich,AUS,DEF,3.8,0.04,0.5,0.56,0.54,1.6,0
64,Jason Geria,AUS,DEF,3.7,0.04,0.5,0.56,0.54,1.6,0
830,Finn Surman,NZL,DEF,3.5,0.04,0.56,0.55,0.48,1.59,0
667,Ayumu Seko,JPN,DEF,3.8,0.04,0.49,0.55,0.54,1.58,0.1
277,Dylan Batubinsika,COD,DEF,3.8,0.04,0.49,0.5,0.58,1.58,0
278,Steve Kapuadi,COD,DEF,3.7,0.04,0.49,0.5,0.58,1.58,0
1700,Olwethu Makhanya,RSA,DEF,3.5,0.04,0.52,0.49,0.53,1.55,0.3
1262,Mark McKenzie,USA,DEF,3.9,0.04,0.52,0.54,0.48,1.55,0.2
1263,Auston Trusty,USA,DEF,3.9,0.04,0.52,0.54,0.48,1.55,0.1
225,Luc De Fougerolles,CAN,DEF,3.5,0.04,0.49,0.6,0.45,1.54,0.6
606,Ali Nemati,IRN,DEF,3.5,0.04,0.52,0.47,0.54,1.54,0.1
608,Aria Yousefi,IRN,DEF,3.5,0.04,0.52,0.47,0.54,1.54,0.1
609,Danial Eiri,IRN,DEF,3.5,0.04,0.52,0.47,0.54,1.54,0
66,Kai Trewin,AUS,DEF,3.5,0.04,0.48,0.53,0.52,1.54,0.5
1261,Tim Ream,USA,DEF,3.9,0.04,0.52,0.54,0.48,1.54,0.2
1302,Avazbek O'lmasaliev,UZB,DEF,3.5,0.04,0.49,0.48,0.55,1.53,0
1303,Bekhruz Karimov,UZB,DEF,3.5,0.04,0.49,0.48,0.55,1.53,0
1305,Jakhongir Urozov,UZB,DEF,3.5,0.04,0.49,0.48,0.55,1.53,0
5,Zinéddine Belaïd,ALG,DEF,3.7,0.04,0.48,0.57,0.48,1.52,0
7,Rafik Belghali,ALG,DEF,3.5,0.04,0.48,0.57,0.48,1.52,1.6
8,Achref Abada,ALG,DEF,3.5,0.04,0.48,0.57,0.48,1.52,0.5
1528,Stopira,CPV,DEF,3.5,0.04,0.43,0.51,0.58,1.52,0.1
1529,Logan Costa,CPV,DEF,3.5,0.04,0.43,0.51,0.58,1.52,0.1
986,Ali Majrashi,KSA,DEF,3.6,0.04,0.52,0.44,0.56,1.52,0
991,Ali Lajami,KSA,DEF,3.5,0.04,0.52,0.45,0.54,1.51,0.1
1516,Hjalmar Ekdal,SWE,DEF,3.7,0.04,0.53,0.46,0.52,1.51,0.1
987,Nawaf Bu Washl,KSA,DEF,3.5,0.04,0.51,0.44,0.55,1.5,0.1
693,Mohammad Abu Hasheesh,JOR,DEF,3.5,0.04,0.47,0.55,0.47,1.49,0
695,Husam Abu Al Dahab,JOR,DEF,3.5,0.04,0.47,0.55,0.47,1.49,0
696,Mohammad Abu Ghoush,JOR,DEF,3.5,0.04,0.47,0.55,0.47,1.49,0
698,Saleem Obaid,JOR,DEF,3.5,0.04,0.47,0.55,0.47,1.49,0
699,Mohammad Abu Al Nadi,JOR,DEF,3.5,0.04,0.47,0.55,0.47,1.49,0
700,Amer Jamous,JOR,DEF,3.5,0.04,0.47,0.55,0.47,1.49,0
1975,Kojo Peprah Oppong,GHA,DEF,3.5,0.04,0.53,0.48,0.49,1.49,0.3
1976,Jonas Adjetey,GHA,DEF,3.5,0.04,0.53,0.47,0.49,1.48,0.3
1979,Marvin Senaya,GHA,DEF,3.5,0.04,0.53,0.47,0.49,1.48,1.2
643,Munaf Younus,IRQ,DEF,3.5,0.04,0.44,0.49,0.53,1.46,0
644,Akam Hashim,IRQ,DEF,3.5,0.04,0.44,0.49,0.53,1.46,0.1
645,Ahmed Maknzi,IRQ,DEF,3.5,0.04,0.44,0.49,0.53,1.46,0
223,Joel Waterman,CAN,DEF,3.7,0.04,0.47,0.55,0.44,1.46,0.1
957,Issa Laye,QAT,DEF,3.5,0.04,0.4,0.49,0.44,1.33,0
955,Hashmi Al Hussain,QAT,DEF,3.5,0.25,0.14,0.57,0.41,1.12,0
1506,Homam El Amin,QAT,DEF,3.6,0.75,-0.47,0.77,0.32,0.63,0
949,Pedro Miguel,QAT,DEF,3.9,0.93,-0.68,0.85,0.29,0.45,0
952,Boualem Khoukhi,QAT,DEF,3.8,0.93,-0.68,0.85,0.29,0.45,0
1507,Sultan Al Brake,QAT,DEF,3.7,0.93,-0.68,0.85,0.29,0.45,0
